Date,Well_ID,Field,Region,Well_Type,Production_Status,Oil_Production_BBL,Gas_Production_MCF,Water_Production_BBL,Operating_Cost_USD,Maintenance_Cost_USD,Oil_Price_USD_BBL,Gas_Price_USD_MCF,Revenue_USD,Downtime_Hours,Production_Efficiency_Pct,API_Gravity,Well_Age_Years
2025-01-01,W-001,Permian North,West Texas,Horizontal Oil,Producing,227.3,607.9,278.3,4628.4,125.68,67.86,2.92,15636.88,1.9,89.9,33.9,5
2025-01-01,W-002,Permian South,West Texas,Horizontal Oil,Producing,522.3,1707.1,653.4,8895.14,416.51,67.86,2.92,36038.94,0.7,97.6,39.1,2
2025-01-01,W-003,Eagle Ford,South Texas,Horizontal Oil,Producing,418.6,713.4,426.0,8835.9,275.46,67.86,2.92,28655.44,0.7,98.0,31.4,7
2025-01-01,W-004,Bakken Central,North Dakota,Horizontal Oil,Producing,232.0,280.3,147.9,4989.76,437.73,67.86,2.92,15840.61,1.4,90.7,37.1,4
2025-01-01,W-005,Bakken North,North Dakota,Horizontal Oil,Producing,362.2,1115.5,202.5,7336.34,529.58,67.86,2.92,24969.69,1.8,90.0,39.6,4
2025-01-01,W-006,Delaware Basin,New Mexico,Oil & Gas,Producing,283.2,594.7,258.5,6639.51,310.71,67.86,2.92,19425.38,0.8,95.2,38.1,8
2025-01-01,W-007,Permian North,West Texas,Horizontal Oil,Producing,561.5,1442.8,582.4,8795.98,531.5,67.86,2.92,38608.2,2.2,90.7,39.4,3
2025-01-01,W-008,Permian South,West Texas,Horizontal Oil,Producing,313.3,578.2,177.2,7211.62,765.33,67.86,2.92,21464.11,0,97.5,33.6,3
2025-01-01,W-009,Eagle Ford,South Texas,Horizontal Oil,Producing,203.4,451.1,123.1,4944.92,202.71,67.86,2.92,13961.22,2.2,89.4,35.6,2
2025-01-01,W-010,Bakken Central,North Dakota,Horizontal Oil,Producing,279.8,869.2,248.6,4815.35,683.94,67.86,2.92,19292.23,0,97.0,34.2,10
2025-01-01,W-011,Bakken North,North Dakota,Horizontal Oil,Producing,364.0,833.8,235.5,5929.62,570.65,67.86,2.92,24995.2,2.0,89.1,37.4,8
2025-01-01,W-012,Delaware Basin,New Mexico,Oil & Gas,Producing,219.0,558.7,160.5,5364.71,156.69,67.86,2.92,15054.63,0.8,94.0,34.5,9
2025-01-01,W-013,Permian North,West Texas,Horizontal Oil,Producing,555.4,1340.4,515.5,10864.83,252.33,67.86,2.92,38160.02,0.9,92.9,39.5,4
2025-01-01,W-014,Permian South,West Texas,Horizontal Oil,Producing,484.3,1052.9,548.8,9734.53,178.73,67.86,2.92,33232.22,1.2,93.1,40.3,4
2025-01-01,W-015,Eagle Ford,South Texas,Horizontal Oil,Producing,268.3,572.1,238.2,4780.7,838.61,67.86,2.92,18410.14,1.2,93.3,35.6,2
2025-01-01,W-016,Bakken Central,North Dakota,Oil & Gas,Producing,418.5,509.1,564.8,8653.53,841.09,67.86,2.92,28580.22,0.3,99.0,33.0,6
2025-01-01,W-017,Bakken North,North Dakota,Horizontal Oil,Producing,210.0,259.3,179.1,4669.86,727.26,67.86,2.92,14339.63,0.2,97.5,34.2,11
2025-01-01,W-018,Delaware Basin,New Mexico,Horizontal Oil,Producing,496.7,1683.5,494.0,9171.46,337.37,67.86,2.92,34296.04,0.8,97.5,33.1,11
2025-01-02,W-001,Permian North,West Texas,Horizontal Oil,Producing,226.5,693.3,153.1,4716.33,248.66,66.59,2.94,15325.04,1.8,91.6,33.9,5
2025-01-02,W-002,Permian South,West Texas,Horizontal Oil,Producing,513.8,706.9,648.5,8491.57,595.51,66.59,2.94,34464.89,1.2,93.2,39.1,2
2025-01-02,W-003,Eagle Ford,South Texas,Horizontal Oil,Producing,405.5,1114.1,300.5,7566.06,340.0,66.59,2.94,27399.45,0,97.6,31.4,7
2025-01-02,W-004,Bakken Central,North Dakota,Horizontal Oil,Producing,240.7,518.4,324.6,4930.84,270.52,66.59,2.94,16208.75,0.5,95.3,37.1,4
2025-01-02,W-005,Bakken North,North Dakota,Horizontal Oil,Producing,325.1,475.6,395.7,6602.55,889.79,66.59,2.94,21818.69,2.0,91.0,39.6,4
2025-01-02,W-006,Delaware Basin,New Mexico,Oil & Gas,Maintenance,166.8,438.1,217.1,2879.66,4159.06,66.59,2.94,11264.32,18.3,54.3,38.1,8
2025-01-02,W-007,Permian North,West Texas,Horizontal Oil,Producing,652.3,1794.3,465.0,11400.58,490.83,66.59,2.94,44073.4,0,100,39.4,3
2025-01-02,W-008,Permian South,West Texas,Horizontal Oil,Producing,309.2,342.6,360.8,5960.33,692.98,66.59,2.94,20711.24,1.5,92.6,33.6,3
2025-01-02,W-009,Eagle Ford,South Texas,Horizontal Oil,Producing,209.1,266.1,262.7,5017.51,767.68,66.59,2.94,14015.67,1.3,93.6,35.6,2
2025-01-02,W-010,Bakken Central,North Dakota,Horizontal Oil,Producing,294.8,864.1,365.1,5879.84,299.62,66.59,2.94,19937.16,1.3,91.3,34.2,10
2025-01-02,W-011,Bakken North,North Dakota,Horizontal Oil,Producing,405.0,824.0,423.8,6921.76,791.68,66.59,2.94,27257.8,1.3,95.4,37.4,8
2025-01-02,W-012,Delaware Basin,New Mexico,Oil & Gas,Producing,245.0,456.7,317.2,5691.11,748.6,66.59,2.94,16477.86,0.9,93.7,34.5,9
2025-01-02,W-013,Permian North,West Texas,Horizontal Oil,Producing,487.0,1512.6,602.4,8054.16,468.24,66.59,2.94,32964.64,0.7,94.7,39.5,4
2025-01-02,W-014,Permian South,West Texas,Horizontal Oil,Producing,473.6,878.5,588.0,9706.75,613.19,66.59,2.94,31848.39,0.8,94.7,40.3,4
2025-01-02,W-015,Eagle Ford,South Texas,Horizontal Oil,Producing,287.9,938.6,184.9,6269.87,870.03,66.59,2.94,19502.26,1.0,93.3,35.6,2
2025-01-02,W-016,Bakken Central,North Dakota,Oil & Gas,Producing,407.3,1015.8,390.6,6988.0,303.78,66.59,2.94,27479.01,0,99.5,33.0,6
2025-01-02,W-017,Bakken North,North Dakota,Horizontal Oil,Maintenance,119.4,328.8,136.5,2856.22,3584.59,66.59,2.94,8064.45,20.5,54.6,34.2,11
2025-01-02,W-018,Delaware Basin,New Mexico,Horizontal Oil,Producing,436.9,1332.7,491.9,7182.61,426.71,66.59,2.94,29563.57,1.3,92.7,33.1,11
2025-01-03,W-001,Permian North,West Texas,Horizontal Oil,Producing,241.1,606.5,190.6,4306.58,329.53,68.87,3.08,16827.23,1.9,90.4,33.9,5
2025-01-03,W-002,Permian South,West Texas,Horizontal Oil,Producing,572.3,1241.7,517.2,9098.05,820.94,68.87,3.08,39875.17,0.4,98.3,39.1,2
2025-01-03,W-003,Eagle Ford,South Texas,Horizontal Oil,Producing,408.1,763.6,491.7,8530.27,279.71,68.87,3.08,28389.2,1.6,90.5,31.4,7
2025-01-03,W-004,Bakken Central,North Dakota,Horizontal Oil,Maintenance,188.3,575.2,114.5,3895.37,5513.75,68.87,3.08,13180.73,6.9,70.9,37.1,4
2025-01-03,W-005,Bakken North,North Dakota,Horizontal Oil,Producing,328.4,856.9,182.1,6911.44,185.27,68.87,3.08,22936.31,1.3,92.8,39.6,4
2025-01-03,W-006,Delaware Basin,New Mexico,Oil & Gas,Producing,269.7,451.3,331.4,5493.51,634.06,68.87,3.08,18740.34,1.7,93.8,38.1,8
2025-01-03,W-007,Permian North,West Texas,Horizontal Oil,Producing,676.5,2131.0,703.6,12379.75,764.46,68.87,3.08,47373.56,0.5,96.7,39.4,3
2025-01-03,W-008,Permian South,West Texas,Horizontal Oil,Producing,318.2,530.9,337.3,6623.31,601.4,68.87,3.08,22106.84,0.8,94.1,33.6,3
2025-01-03,W-009,Eagle Ford,South Texas,Horizontal Oil,Producing,232.7,401.3,187.5,4520.23,285.01,68.87,3.08,16170.34,0,99.5,35.6,2
2025-01-03,W-010,Bakken Central,North Dakota,Horizontal Oil,Producing,274.6,564.7,196.5,5447.34,567.26,68.87,3.08,19120.99,1.6,92.8,34.2,10
2025-01-03,W-011,Bakken North,North Dakota,Horizontal Oil,Producing,401.2,792.3,222.5,7173.48,782.76,68.87,3.08,27920.79,1.1,96.1,37.4,8
2025-01-03,W-012,Delaware Basin,New Mexico,Oil & Gas,Producing,240.9,387.3,174.8,4243.76,368.9,68.87,3.08,16736.44,0.8,96.1,34.5,9
2025-01-03,W-013,Permian North,West Texas,Horizontal Oil,Producing,507.4,1103.6,330.9,8763.77,415.22,68.87,3.08,35350.94,0,98.8,39.5,4
2025-01-03,W-014,Permian South,West Texas,Horizontal Oil,Maintenance,266.9,577.1,157.6,4774.06,7566.11,68.87,3.08,18597.48,14.9,54.9,40.3,4
2025-01-03,W-015,Eagle Ford,South Texas,Horizontal Oil,Producing,276.7,356.5,156.5,6115.06,379.97,68.87,3.08,19185.68,0.8,95.9,35.6,2
2025-01-03,W-016,Bakken Central,North Dakota,Oil & Gas,Producing,432.0,1224.6,565.8,6318.88,221.91,68.87,3.08,30204.06,0,96.6,33.0,6
2025-01-03,W-017,Bakken North,North Dakota,Horizontal Oil,Producing,220.4,631.2,150.8,4841.36,191.63,68.87,3.08,15411.07,0.3,98.8,34.2,11
2025-01-03,W-018,Delaware Basin,New Mexico,Horizontal Oil,Producing,434.5,503.6,347.4,8798.4,417.32,68.87,3.08,30105.64,0.6,97.1,33.1,11
2025-01-04,W-001,Permian North,West Texas,Horizontal Oil,Producing,239.3,593.7,154.8,5686.65,377.76,72.13,3.12,17483.28,1.9,90.4,33.9,5
2025-01-04,W-002,Permian South,West Texas,Horizontal Oil,Producing,530.3,999.6,652.1,10128.86,868.63,72.13,3.12,38627.03,1.6,92.6,39.1,2
2025-01-04,W-003,Eagle Ford,South Texas,Horizontal Oil,Producing,434.0,1441.1,332.5,9019.15,486.8,72.13,3.12,31841.95,0.6,95.7,31.4,7
2025-01-04,W-004,Bakken Central,North Dakota,Horizontal Oil,Producing,255.2,780.6,309.9,4637.55,295.09,72.13,3.12,18697.59,0,98.3,37.1,4
2025-01-04,W-005,Bakken North,North Dakota,Horizontal Oil,Producing,374.1,567.9,269.2,7371.66,804.26,72.13,3.12,27194.31,0.7,96.6,39.6,4
2025-01-04,W-006,Delaware Basin,New Mexico,Oil & Gas,Producing,277.6,910.6,171.7,5751.14,706.53,72.13,3.12,20363.05,0.9,95.7,38.1,8
2025-01-04,W-007,Permian North,West Texas,Horizontal Oil,Producing,597.5,961.8,659.3,9648.46,478.61,72.13,3.12,43459.09,0,98.7,39.4,3
2025-01-04,W-008,Permian South,West Texas,Horizontal Oil,Producing,344.6,641.3,383.3,5765.29,196.52,72.13,3.12,25096.71,0.9,93.3,33.6,3
2025-01-04,W-009,Eagle Ford,South Texas,Horizontal Oil,Producing,228.7,365.4,214.4,5561.45,519.71,72.13,3.12,16635.24,0,97.4,35.6,2
2025-01-04,W-010,Bakken Central,North Dakota,Horizontal Oil,Producing,271.4,440.5,188.2,4380.78,319.45,72.13,3.12,19737.24,0.5,98.8,34.2,10
2025-01-04,W-011,Bakken North,North Dakota,Horizontal Oil,Producing,415.5,926.1,518.6,7660.1,452.38,72.13,3.12,30314.22,0.7,94.1,37.4,8
2025-01-04,W-012,Delaware Basin,New Mexico,Oil & Gas,Maintenance,134.3,401.8,117.0,2903.17,3330.94,72.13,3.12,9840.11,20.8,53.2,34.5,9
2025-01-04,W-013,Permian North,West Texas,Horizontal Oil,Producing,512.0,1733.7,330.1,9854.93,732.59,72.13,3.12,37579.89,0.4,95.5,39.5,4
2025-01-04,W-014,Permian South,West Texas,Horizontal Oil,Producing,550.0,1857.4,436.9,10301.64,692.07,72.13,3.12,40365.59,0,100,40.3,4
2025-01-04,W-015,Eagle Ford,South Texas,Horizontal Oil,Producing,271.4,710.7,183.3,4470.68,102.14,72.13,3.12,19839.49,1.1,93.7,35.6,2
2025-01-04,W-016,Bakken Central,North Dakota,Oil & Gas,Producing,423.7,1151.1,386.9,8326.73,730.26,72.13,3.12,30991.75,0.7,96.2,33.0,6
2025-01-04,W-017,Bakken North,North Dakota,Horizontal Oil,Producing,218.5,454.0,215.4,5024.81,761.3,72.13,3.12,15931.41,1.4,90.7,34.2,11
2025-01-04,W-018,Delaware Basin,New Mexico,Horizontal Oil,Producing,477.7,842.5,310.2,9303.22,854.14,72.13,3.12,34768.98,0.3,97.3,33.1,11
2025-01-05,W-001,Permian North,West Texas,Horizontal Oil,Maintenance,132.9,222.7,82.8,3764.01,11415.59,73.0,2.99,9781.43,10.6,56.3,33.9,5
2025-01-05,W-002,Permian South,West Texas,Horizontal Oil,Producing,565.5,972.5,329.2,10893.52,621.21,73.0,2.99,41630.22,0.8,97.2,39.1,2
2025-01-05,W-003,Eagle Ford,South Texas,Horizontal Oil,Producing,427.8,560.4,354.4,7746.06,786.19,73.0,2.99,31436.13,0,97.6,31.4,7
2025-01-05,W-004,Bakken Central,North Dakota,Horizontal Oil,Producing,254.2,832.2,305.3,4891.02,351.61,73.0,2.99,18856.83,0.2,96.8,37.1,4
2025-01-05,W-005,Bakken North,North Dakota,Horizontal Oil,Producing,394.2,1030.0,388.0,6652.13,389.42,73.0,2.99,29151.28,0.0,99.8,39.6,4
2025-01-05,W-006,Delaware Basin,New Mexico,Oil & Gas,Producing,311.2,488.1,307.9,6673.47,658.6,73.0,2.99,22897.42,1.3,91.4,38.1,8
2025-01-05,W-007,Permian North,West Texas,Horizontal Oil,Producing,597.8,1414.8,592.8,9298.43,830.34,73.0,2.99,44146.86,0.3,97.1,39.4,3
2025-01-05,W-008,Permian South,West Texas,Horizontal Oil,Producing,357.4,802.9,401.5,6499.19,767.78,73.0,2.99,26381.57,0.4,99.2,33.6,3
2025-01-05,W-009,Eagle Ford,South Texas,Horizontal Oil,Producing,258.3,586.2,323.8,5619.05,732.0,73.0,2.99,19071.27,0.1,97.7,35.6,2
2025-01-05,W-010,Bakken Central,North Dakota,Horizontal Oil,Producing,285.8,853.7,221.8,5089.26,899.12,73.0,2.99,21169.04,0.6,96.0,34.2,10
2025-01-05,W-011,Bakken North,North Dakota,Horizontal Oil,Producing,404.9,951.5,370.2,6590.11,658.0,73.0,2.99,29901.68,0.1,98.4,37.4,8
2025-01-05,W-012,Delaware Basin,New Mexico,Oil & Gas,Producing,250.6,300.8,287.1,5587.59,408.86,73.0,2.99,18400.67,0.6,96.8,34.5,9
2025-01-05,W-013,Permian North,West Texas,Horizontal Oil,Producing,461.5,1040.7,471.7,9550.49,452.24,73.0,2.99,34062.87,1.7,91.6,39.5,4
2025-01-05,W-014,Permian South,West Texas,Horizontal Oil,Producing,522.7,1067.8,561.2,8197.23,875.36,73.0,2.99,38539.68,0.7,94.8,40.3,4
2025-01-05,W-015,Eagle Ford,South Texas,Horizontal Oil,Producing,317.5,976.8,271.2,6065.18,707.52,73.0,2.99,23530.62,0,100,35.6,2
2025-01-05,W-016,Bakken Central,North Dakota,Oil & Gas,Maintenance,370.3,1191.7,499.1,7096.05,4025.87,73.0,2.99,27461.34,3.4,85.1,33.0,6
2025-01-05,W-017,Bakken North,North Dakota,Horizontal Oil,Producing,214.2,577.5,272.6,4059.96,334.69,73.0,2.99,15844.15,0,97.9,34.2,11
2025-01-05,W-018,Delaware Basin,New Mexico,Horizontal Oil,Producing,502.5,749.2,308.1,10204.13,292.66,73.0,2.99,36951.79,0,100,33.1,11
2025-01-06,W-001,Permian North,West Texas,Horizontal Oil,Producing,220.7,247.6,263.5,5130.18,226.38,70.25,3.13,15599.04,1.5,92.1,33.9,5
2025-01-06,W-002,Permian South,West Texas,Horizontal Oil,Producing,561.5,940.6,688.5,8804.65,486.57,70.25,3.13,39795.87,0,97.2,39.1,2
2025-01-06,W-003,Eagle Ford,South Texas,Horizontal Oil,Producing,430.8,1457.3,338.7,9544.88,319.58,70.25,3.13,30808.19,0.2,98.0,31.4,7
2025-01-06,W-004,Bakken Central,North Dakota,Horizontal Oil,Producing,262.0,587.6,333.7,4949.79,585.65,70.25,3.13,18629.08,0.8,94.5,37.1,4
2025-01-06,W-005,Bakken North,North Dakota,Horizontal Oil,Producing,364.0,967.9,410.2,7388.59,602.6,70.25,3.13,25937.86,0.5,98.4,39.6,4
2025-01-06,W-006,Delaware Basin,New Mexico,Oil & Gas,Producing,313.0,871.6,194.7,5803.84,240.51,70.25,3.13,22317.36,0.5,94.6,38.1,8
2025-01-06,W-007,Permian North,West Texas,Horizontal Oil,Producing,649.0,1506.3,831.2,12102.96,759.75,70.25,3.13,46157.08,1.6,91.8,39.4,3
2025-01-06,W-008,Permian South,West Texas,Horizontal Oil,Producing,310.9,1030.7,206.0,7220.89,679.37,70.25,3.13,22231.54,0.8,97.5,33.6,3
2025-01-06,W-009,Eagle Ford,South Texas,Horizontal Oil,Producing,253.8,492.7,300.1,4421.63,463.83,70.25,3.13,18013.32,0.1,99.0,35.6,2
2025-01-06,W-010,Bakken Central,North Dakota,Horizontal Oil,Producing,315.1,425.1,232.2,5289.96,549.13,70.25,3.13,22292.17,0,100,34.2,10
2025-01-06,W-011,Bakken North,North Dakota,Horizontal Oil,Producing,373.3,1118.1,476.9,6305.25,211.82,70.25,3.13,26646.66,0.0,100,37.4,8
2025-01-06,W-012,Delaware Basin,New Mexico,Oil & Gas,Producing,257.6,363.7,235.1,5584.22,856.78,70.25,3.13,18231.77,0.4,96.5,34.5,9
2025-01-06,W-013,Permian North,West Texas,Horizontal Oil,Producing,491.1,1008.7,309.0,8488.11,861.22,70.25,3.13,34876.03,0.8,93.0,39.5,4
2025-01-06,W-014,Permian South,West Texas,Horizontal Oil,Producing,550.7,731.6,605.0,10421.18,386.94,70.25,3.13,38962.24,0,98.0,40.3,4
2025-01-06,W-015,Eagle Ford,South Texas,Horizontal Oil,Producing,262.9,802.0,240.2,5733.46,577.72,70.25,3.13,18770.78,1.5,90.1,35.6,2
2025-01-06,W-016,Bakken Central,North Dakota,Oil & Gas,Producing,412.8,519.2,479.7,6275.77,795.76,70.25,3.13,29195.54,0.8,94.4,33.0,6
2025-01-06,W-017,Bakken North,North Dakota,Horizontal Oil,Producing,219.7,243.1,271.8,3596.88,300.52,70.25,3.13,15528.24,1.2,92.0,34.2,11
2025-01-06,W-018,Delaware Basin,New Mexico,Horizontal Oil,Producing,483.9,797.1,391.5,7238.47,693.37,70.25,3.13,34295.4,0.9,94.9,33.1,11
2025-01-07,W-001,Permian North,West Texas,Horizontal Oil,Producing,246.5,333.0,234.9,5023.22,726.58,71.22,3.05,17677.61,0,100,33.9,5
2025-01-07,W-002,Permian South,West Texas,Horizontal Oil,Producing,526.7,1159.5,458.9,10004.23,827.76,71.22,3.05,37930.63,0,96.4,39.1,2
2025-01-07,W-003,Eagle Ford,South Texas,Horizontal Oil,Producing,413.6,517.4,318.5,8193.66,360.15,71.22,3.05,29642.94,1.3,95.5,31.4,7
2025-01-07,W-004,Bakken Central,North Dakota,Horizontal Oil,Producing,248.3,673.8,305.9,5260.25,676.67,71.22,3.05,17925.84,0,97.1,37.1,4
2025-01-07,W-005,Bakken North,North Dakota,Horizontal Oil,Producing,331.8,623.6,302.9,5620.26,441.41,71.22,3.05,23856.1,1.1,94.8,39.6,4
2025-01-07,W-006,Delaware Basin,New Mexico,Oil & Gas,Producing,270.4,814.9,168.9,4846.71,749.42,71.22,3.05,19557.23,1.8,91.4,38.1,8
2025-01-07,W-007,Permian North,West Texas,Horizontal Oil,Producing,588.6,1093.6,381.3,9770.91,700.23,71.22,3.05,42313.69,2.3,90.7,39.4,3
2025-01-07,W-008,Permian South,West Texas,Horizontal Oil,Producing,309.3,751.4,222.8,5962.34,186.57,71.22,3.05,22303.78,1.9,92.3,33.6,3
2025-01-07,W-009,Eagle Ford,South Texas,Horizontal Oil,Producing,247.0,597.9,295.4,6075.52,754.74,71.22,3.05,17810.83,0.6,96.6,35.6,2
2025-01-07,W-010,Bakken Central,North Dakota,Horizontal Oil,Producing,276.3,473.8,191.8,5334.55,371.86,71.22,3.05,19846.75,2.6,85.6,34.2,10
2025-01-07,W-011,Bakken North,North Dakota,Horizontal Oil,Producing,389.7,787.9,258.6,6946.0,696.89,71.22,3.05,28041.0,1.1,92.6,37.4,8
2025-01-07,W-012,Delaware Basin,New Mexico,Oil & Gas,Producing,251.0,724.6,252.0,3883.33,225.93,71.22,3.05,18139.74,0.4,97.4,34.5,9
2025-01-07,W-013,Permian North,West Texas,Horizontal Oil,Producing,489.1,1282.6,459.0,8183.67,703.95,71.22,3.05,35298.03,1.4,90.9,39.5,4
2025-01-07,W-014,Permian South,West Texas,Horizontal Oil,Producing,505.6,1331.8,296.4,8843.3,106.15,71.22,3.05,36490.17,0.6,95.1,40.3,4
2025-01-07,W-015,Eagle Ford,South Texas,Horizontal Oil,Producing,258.0,435.5,209.7,4678.7,240.56,71.22,3.05,18535.4,2.0,89.7,35.6,2
2025-01-07,W-016,Bakken Central,North Dakota,Oil & Gas,Producing,444.9,563.2,551.5,6079.94,836.93,71.22,3.05,31892.46,0,100,33.0,6
2025-01-07,W-017,Bakken North,North Dakota,Horizontal Oil,Producing,212.1,579.5,187.5,3346.86,359.81,71.22,3.05,15317.67,0.8,96.7,34.2,11
2025-01-07,W-018,Delaware Basin,New Mexico,Horizontal Oil,Producing,414.2,1260.2,308.4,7797.94,416.61,71.22,3.05,29958.84,1.7,90.6,33.1,11
2025-01-08,W-001,Permian North,West Texas,Horizontal Oil,Producing,232.3,316.4,222.5,5015.19,681.9,68.07,2.99,15923.38,1.4,94.3,33.9,5
2025-01-08,W-002,Permian South,West Texas,Horizontal Oil,Producing,522.5,1298.6,605.1,9520.59,718.28,68.07,2.99,36029.9,0.8,95.2,39.1,2
2025-01-08,W-003,Eagle Ford,South Texas,Horizontal Oil,Producing,426.4,909.3,549.8,8316.07,599.62,68.07,2.99,29350.99,1.2,95.3,31.4,7
2025-01-08,W-004,Bakken Central,North Dakota,Horizontal Oil,Producing,253.1,454.8,194.8,4191.88,348.33,68.07,2.99,17393.72,1.0,94.2,37.1,4
2025-01-08,W-005,Bakken North,North Dakota,Horizontal Oil,Producing,369.6,471.8,458.9,7697.3,505.65,68.07,2.99,25328.8,1.0,94.2,39.6,4
2025-01-08,W-006,Delaware Basin,New Mexico,Oil & Gas,Producing,297.7,881.8,318.9,5356.47,220.69,68.07,2.99,20577.41,1.2,91.5,38.1,8
2025-01-08,W-007,Permian North,West Texas,Horizontal Oil,Producing,688.8,1301.7,772.4,11367.51,298.19,68.07,2.99,47351.21,0,98.2,39.4,3
2025-01-08,W-008,Permian South,West Texas,Horizontal Oil,Producing,333.3,583.5,292.3,6086.07,731.38,68.07,2.99,22896.34,0.3,98.0,33.6,3
2025-01-08,W-009,Eagle Ford,South Texas,Horizontal Oil,Producing,219.3,583.5,170.5,5072.17,825.07,68.07,2.99,15138.44,0.7,97.4,35.6,2
2025-01-08,W-010,Bakken Central,North Dakota,Horizontal Oil,Producing,281.3,935.5,311.9,5189.37,850.4,68.07,2.99,19483.68,0.4,95.9,34.2,10
2025-01-08,W-011,Bakken North,North Dakota,Horizontal Oil,Producing,413.8,1229.1,449.4,8541.64,648.33,68.07,2.99,28607.35,0.6,96.2,37.4,8
2025-01-08,W-012,Delaware Basin,New Mexico,Oil & Gas,Producing,239.4,362.6,172.7,5427.27,281.23,68.07,2.99,16426.26,0.1,96.3,34.5,9
2025-01-08,W-013,Permian North,West Texas,Horizontal Oil,Producing,544.2,725.2,634.9,10912.19,130.2,68.07,2.99,37299.53,1.2,92.8,39.5,4
2025-01-08,W-014,Permian South,West Texas,Horizontal Oil,Producing,463.7,1396.6,541.0,8953.45,450.14,68.07,2.99,32061.76,1.3,92.7,40.3,4
2025-01-08,W-015,Eagle Ford,South Texas,Horizontal Oil,Producing,270.2,573.3,210.2,5815.28,527.21,68.07,2.99,18597.17,1.4,91.9,35.6,2
2025-01-08,W-016,Bakken Central,North Dakota,Oil & Gas,Producing,413.7,1356.3,553.3,6972.58,405.5,68.07,2.99,28646.14,0,98.6,33.0,6
2025-01-08,W-017,Bakken North,North Dakota,Horizontal Oil,Producing,218.2,642.1,144.2,4226.49,799.29,68.07,2.99,15082.69,1.1,94.2,34.2,11
2025-01-08,W-018,Delaware Basin,New Mexico,Horizontal Oil,Producing,429.6,1226.7,330.1,8505.69,449.98,68.07,2.99,29685.07,1.7,93.6,33.1,11
2025-01-09,W-001,Permian North,West Texas,Horizontal Oil,Producing,210.5,257.3,200.3,4423.37,399.93,69.06,3.07,14631.93,1.7,89.3,33.9,5
2025-01-09,W-002,Permian South,West Texas,Horizontal Oil,Producing,564.0,798.9,439.7,11350.03,211.03,69.06,3.07,39247.96,1.4,93.7,39.1,2
2025-01-09,W-003,Eagle Ford,South Texas,Horizontal Oil,Producing,393.8,505.0,297.2,8358.61,681.79,69.06,3.07,27386.44,0,98.6,31.4,7
2025-01-09,W-004,Bakken Central,North Dakota,Horizontal Oil,Producing,240.3,496.3,284.7,4199.73,824.12,69.06,3.07,16775.86,0.6,96.5,37.1,4
2025-01-09,W-005,Bakken North,North Dakota,Horizontal Oil,Maintenance,192.1,274.7,171.6,3881.52,8956.8,69.06,3.07,13368.43,12.3,54.6,39.6,4
2025-01-09,W-006,Delaware Basin,New Mexico,Oil & Gas,Producing,320.6,402.6,311.3,6572.01,543.32,69.06,3.07,22293.13,1.5,91.8,38.1,8
2025-01-09,W-007,Permian North,West Texas,Horizontal Oil,Producing,618.3,703.2,730.1,10240.85,602.61,69.06,3.07,42961.78,0,99.9,39.4,3
2025-01-09,W-008,Permian South,West Texas,Horizontal Oil,Producing,335.5,403.2,331.1,6681.04,723.31,69.06,3.07,23318.45,0,98.3,33.6,3
2025-01-09,W-009,Eagle Ford,South Texas,Horizontal Oil,Producing,224.8,648.7,206.0,3942.57,259.58,69.06,3.07,15767.5,0,96.2,35.6,2
2025-01-09,W-010,Bakken Central,North Dakota,Horizontal Oil,Producing,294.7,994.5,290.1,5302.02,252.88,69.06,3.07,20718.18,0,97.8,34.2,10
2025-01-09,W-011,Bakken North,North Dakota,Horizontal Oil,Producing,358.2,697.2,451.9,7530.32,409.32,69.06,3.07,24995.42,1.3,95.4,37.4,8
2025-01-09,W-012,Delaware Basin,New Mexico,Oil & Gas,Producing,243.3,784.7,234.8,5521.33,163.14,69.06,3.07,17089.6,0.3,97.8,34.5,9
2025-01-09,W-013,Permian North,West Texas,Horizontal Oil,Producing,500.6,1311.5,398.0,8993.05,651.81,69.06,3.07,35054.3,0.1,97.4,39.5,4
2025-01-09,W-014,Permian South,West Texas,Horizontal Oil,Maintenance,279.2,948.1,214.9,6733.71,3663.14,69.06,3.07,19632.47,19.4,54.6,40.3,4
2025-01-09,W-015,Eagle Ford,South Texas,Horizontal Oil,Producing,308.3,820.8,404.5,5472.11,725.05,69.06,3.07,21593.04,0.6,93.8,35.6,2
2025-01-09,W-016,Bakken Central,North Dakota,Oil & Gas,Producing,399.6,961.0,413.3,7940.01,397.61,69.06,3.07,27954.45,0.9,96.1,33.0,6
2025-01-09,W-017,Bakken North,North Dakota,Horizontal Oil,Producing,218.2,439.9,233.4,3698.94,688.54,69.06,3.07,15235.15,0.0,98.5,34.2,11
2025-01-09,W-018,Delaware Basin,New Mexico,Horizontal Oil,Producing,457.0,971.8,615.6,8041.8,492.96,69.06,3.07,31919.85,0.2,95.8,33.1,11
2025-01-10,W-001,Permian North,West Texas,Horizontal Oil,Producing,243.4,316.9,266.6,5096.56,377.94,71.75,3.12,17581.66,0.1,95.9,33.9,5
2025-01-10,W-002,Permian South,West Texas,Horizontal Oil,Producing,542.5,1753.8,575.1,10654.11,197.09,71.75,3.12,39580.57,2.0,88.9,39.1,2
2025-01-10,W-003,Eagle Ford,South Texas,Horizontal Oil,Producing,452.0,524.5,448.9,8353.27,541.32,71.75,3.12,32628.57,0,99.1,31.4,7
2025-01-10,W-004,Bakken Central,North Dakota,Horizontal Oil,Producing,277.3,640.4,323.2,5313.42,877.9,71.75,3.12,20137.62,0,99.2,37.1,4
2025-01-10,W-005,Bakken North,North Dakota,Horizontal Oil,Producing,318.9,603.5,399.4,6673.51,245.57,71.75,3.12,23106.37,3.7,85.3,39.6,4
2025-01-10,W-006,Delaware Basin,New Mexico,Oil & Gas,Producing,284.0,412.3,193.6,5391.1,376.82,71.75,3.12,20531.64,1.0,96.5,38.1,8
2025-01-10,W-007,Permian North,West Texas,Horizontal Oil,Producing,664.4,1113.7,702.9,11125.28,342.26,71.75,3.12,48085.35,0.7,95.8,39.4,3
2025-01-10,W-008,Permian South,West Texas,Horizontal Oil,Producing,302.2,790.4,340.5,6364.29,550.89,71.75,3.12,21982.64,1.7,93.0,33.6,3
2025-01-10,W-009,Eagle Ford,South Texas,Horizontal Oil,Maintenance,219.0,531.4,234.5,4886.64,12404.36,71.75,3.12,15912.77,2.9,86.6,35.6,2
2025-01-10,W-010,Bakken Central,North Dakota,Horizontal Oil,Producing,254.1,838.6,237.9,5499.78,337.95,71.75,3.12,18545.06,2.5,86.3,34.2,10
2025-01-10,W-011,Bakken North,North Dakota,Horizontal Oil,Maintenance,222.2,348.7,230.0,4444.48,13880.1,71.75,3.12,16073.46,10.8,55.2,37.4,8
2025-01-10,W-012,Delaware Basin,New Mexico,Oil & Gas,Producing,235.8,432.4,217.7,4140.17,177.45,71.75,3.12,17080.01,1.3,92.2,34.5,9
2025-01-10,W-013,Permian North,West Texas,Horizontal Oil,Producing,520.5,869.8,646.6,7832.42,562.15,71.75,3.12,37672.39,1.4,91.9,39.5,4
2025-01-10,W-014,Permian South,West Texas,Horizontal Oil,Producing,521.2,943.2,296.3,10760.18,873.35,71.75,3.12,37748.86,0,97.1,40.3,4
2025-01-10,W-015,Eagle Ford,South Texas,Horizontal Oil,Producing,268.6,601.3,337.4,5647.78,529.35,71.75,3.12,19499.99,0.8,96.9,35.6,2
2025-01-10,W-016,Bakken Central,North Dakota,Oil & Gas,Producing,410.0,796.1,356.9,7091.82,542.58,71.75,3.12,29715.43,1.8,89.1,33.0,6
2025-01-10,W-017,Bakken North,North Dakota,Horizontal Oil,Producing,227.2,396.1,304.7,4423.89,880.07,71.75,3.12,16449.8,0,98.0,34.2,11
2025-01-10,W-018,Delaware Basin,New Mexico,Horizontal Oil,Producing,502.0,782.0,480.5,8481.38,209.63,71.75,3.12,36308.57,0,97.7,33.1,11
2025-01-11,W-001,Permian North,West Texas,Horizontal Oil,Producing,238.3,441.9,248.0,4702.13,691.46,76.16,2.9,18303.96,0.9,93.8,33.9,5
2025-01-11,W-002,Permian South,West Texas,Horizontal Oil,Producing,560.0,1002.2,673.5,9658.99,883.92,76.16,2.9,42997.59,1.3,93.6,39.1,2
2025-01-11,W-003,Eagle Ford,South Texas,Horizontal Oil,Producing,447.7,1200.9,255.8,8749.96,726.32,76.16,2.9,34510.46,0,99.9,31.4,7
2025-01-11,W-004,Bakken Central,North Dakota,Horizontal Oil,Producing,246.2,627.0,257.5,4881.66,644.58,76.16,2.9,18968.61,0.6,93.8,37.1,4
2025-01-11,W-005,Bakken North,North Dakota,Horizontal Oil,Producing,341.7,390.8,273.7,5818.27,428.3,76.16,2.9,26159.56,0,99.9,39.6,4
2025-01-11,W-006,Delaware Basin,New Mexico,Oil & Gas,Producing,272.5,386.3,195.1,5178.94,520.38,76.16,2.9,20888.07,1.7,90.7,38.1,8
2025-01-11,W-007,Permian North,West Texas,Horizontal Oil,Producing,692.3,1306.6,577.0,13081.64,614.65,76.16,2.9,53178.26,0,99.5,39.4,3
2025-01-11,W-008,Permian South,West Texas,Horizontal Oil,Producing,334.9,541.7,444.9,5717.32,265.82,76.16,2.9,25695.56,1.0,95.4,33.6,3
2025-01-11,W-009,Eagle Ford,South Texas,Horizontal Oil,Producing,223.3,725.3,265.0,3969.63,641.3,76.16,2.9,17261.34,1.4,92.2,35.6,2
2025-01-11,W-010,Bakken Central,North Dakota,Horizontal Oil,Producing,289.2,511.3,225.6,5603.01,453.9,76.16,2.9,22199.96,1.6,90.8,34.2,10
2025-01-11,W-011,Bakken North,North Dakota,Horizontal Oil,Producing,384.9,900.1,498.9,7119.61,592.54,76.16,2.9,29621.63,0,98.9,37.4,8
2025-01-11,W-012,Delaware Basin,New Mexico,Oil & Gas,Producing,249.6,304.7,219.8,4878.77,716.61,76.16,2.9,19114.47,0.3,94.8,34.5,9
2025-01-11,W-013,Permian North,West Texas,Horizontal Oil,Producing,582.4,1185.7,756.0,11326.67,259.56,76.16,2.9,44764.34,0,100,39.5,4
2025-01-11,W-014,Permian South,West Texas,Horizontal Oil,Producing,485.2,1174.5,474.6,9852.22,830.58,76.16,2.9,37360.65,0,96.9,40.3,4
2025-01-11,W-015,Eagle Ford,South Texas,Horizontal Oil,Producing,284.6,915.1,383.6,5485.31,849.29,76.16,2.9,21994.18,0,100,35.6,2
2025-01-11,W-016,Bakken Central,North Dakota,Oil & Gas,Producing,413.4,556.7,552.4,7244.46,534.64,76.16,2.9,31673.61,0.9,94.8,33.0,6
2025-01-11,W-017,Bakken North,North Dakota,Horizontal Oil,Producing,223.9,487.3,157.7,3642.3,467.13,76.16,2.9,17222.08,0.7,94.4,34.2,11
2025-01-11,W-018,Delaware Basin,New Mexico,Horizontal Oil,Producing,472.9,1343.7,326.5,9903.49,761.59,76.16,2.9,36477.92,0.7,95.7,33.1,11
2025-01-12,W-001,Permian North,West Texas,Horizontal Oil,Producing,218.5,403.0,163.5,3808.61,703.01,69.58,3.17,15356.97,1.4,94.9,33.9,5
2025-01-12,W-002,Permian South,West Texas,Horizontal Oil,Producing,567.7,1529.1,340.5,8531.15,424.33,69.58,3.17,40086.48,0.8,95.2,39.1,2
2025-01-12,W-003,Eagle Ford,South Texas,Horizontal Oil,Producing,433.5,786.9,279.1,9064.61,591.7,69.58,3.17,30463.22,0.7,94.3,31.4,7
2025-01-12,W-004,Bakken Central,North Dakota,Horizontal Oil,Producing,254.5,523.4,251.8,4859.99,631.28,69.58,3.17,17909.31,1.6,90.6,37.1,4
2025-01-12,W-005,Bakken North,North Dakota,Horizontal Oil,Producing,352.2,1094.6,216.8,6603.22,162.48,69.58,3.17,24921.14,1.9,91.0,39.6,4
2025-01-12,W-006,Delaware Basin,New Mexico,Oil & Gas,Producing,321.3,464.1,261.0,5735.35,264.32,69.58,3.17,22530.82,0,98.9,38.1,8
2025-01-12,W-007,Permian North,West Texas,Horizontal Oil,Producing,635.1,1879.8,579.6,10850.72,146.19,69.58,3.17,44904.94,0.5,96.3,39.4,3
2025-01-12,W-008,Permian South,West Texas,Horizontal Oil,Producing,354.5,998.0,359.0,5507.81,151.01,69.58,3.17,25046.38,0.7,98.0,33.6,3
2025-01-12,W-009,Eagle Ford,South Texas,Horizontal Oil,Producing,225.8,733.2,129.9,4847.5,712.66,69.58,3.17,15988.77,0.0,100,35.6,2
2025-01-12,W-010,Bakken Central,North Dakota,Horizontal Oil,Producing,288.9,895.6,368.4,5359.55,629.43,69.58,3.17,20441.85,0,98.7,34.2,10
2025-01-12,W-011,Bakken North,North Dakota,Horizontal Oil,Producing,362.4,547.4,355.1,6964.52,278.15,69.58,3.17,25424.94,2.0,88.0,37.4,8
2025-01-12,W-012,Delaware Basin,New Mexico,Oil & Gas,Maintenance,169.7,399.1,165.5,3765.9,7865.48,69.58,3.17,11958.59,8.0,64.9,34.5,9
2025-01-12,W-013,Permian North,West Texas,Horizontal Oil,Producing,555.2,1146.1,645.6,10399.45,264.87,69.58,3.17,39068.0,0.7,93.7,39.5,4
2025-01-12,W-014,Permian South,West Texas,Horizontal Oil,Maintenance,297.3,360.3,339.6,5300.67,5867.67,69.58,3.17,20821.85,14.0,55.2,40.3,4
2025-01-12,W-015,Eagle Ford,South Texas,Horizontal Oil,Producing,296.8,523.9,356.9,6132.16,578.33,69.58,3.17,20850.86,0.4,97.7,35.6,2
2025-01-12,W-016,Bakken Central,North Dakota,Oil & Gas,Producing,423.9,681.7,335.0,6792.8,803.77,69.58,3.17,29753.26,0.7,97.6,33.0,6
2025-01-12,W-017,Bakken North,North Dakota,Horizontal Oil,Producing,204.3,457.7,271.3,4917.24,728.64,69.58,3.17,14393.33,1.2,92.7,34.2,11
2025-01-12,W-018,Delaware Basin,New Mexico,Horizontal Oil,Producing,475.7,1041.3,584.8,8147.93,744.62,69.58,3.17,33495.28,1.3,95.1,33.1,11
2025-01-13,W-001,Permian North,West Texas,Horizontal Oil,Producing,232.0,384.8,165.3,5222.24,777.71,74.31,2.72,17364.57,0,96.5,33.9,5
2025-01-13,W-002,Permian South,West Texas,Horizontal Oil,Producing,565.3,1405.7,706.0,9196.95,679.44,74.31,2.72,42464.1,1.0,94.7,39.1,2
2025-01-13,W-003,Eagle Ford,South Texas,Horizontal Oil,Producing,432.4,806.8,568.9,7208.91,869.66,74.31,2.72,32396.42,1.4,91.0,31.4,7
2025-01-13,W-004,Bakken Central,North Dakota,Horizontal Oil,Producing,270.6,425.0,347.0,5469.34,404.53,74.31,2.72,20249.58,0.2,97.8,37.1,4
2025-01-13,W-005,Bakken North,North Dakota,Horizontal Oil,Producing,338.7,772.1,321.0,5959.98,475.59,74.31,2.72,25421.61,0.9,96.4,39.6,4
2025-01-13,W-006,Delaware Basin,New Mexico,Oil & Gas,Producing,318.4,512.2,212.3,6001.84,563.31,74.31,2.72,23824.01,0.2,97.3,38.1,8
2025-01-13,W-007,Permian North,West Texas,Horizontal Oil,Producing,592.5,1169.4,720.9,10336.34,647.88,74.31,2.72,44412.37,1.4,91.6,39.4,3
2025-01-13,W-008,Permian South,West Texas,Horizontal Oil,Producing,318.8,474.0,378.1,5658.25,490.65,74.31,2.72,23844.2,1.9,92.6,33.6,3
2025-01-13,W-009,Eagle Ford,South Texas,Horizontal Oil,Producing,243.6,300.9,140.6,5985.1,634.57,74.31,2.72,18201.84,0.6,97.3,35.6,2
2025-01-13,W-010,Bakken Central,North Dakota,Horizontal Oil,Producing,291.5,326.8,278.3,5328.87,633.4,74.31,2.72,21770.54,1.1,94.5,34.2,10
2025-01-13,W-011,Bakken North,North Dakota,Horizontal Oil,Producing,400.4,446.5,396.9,6113.15,319.79,74.31,2.72,29899.06,0.3,99.6,37.4,8
2025-01-13,W-012,Delaware Basin,New Mexico,Oil & Gas,Maintenance,140.1,414.0,179.1,2474.84,4807.91,74.31,2.72,10548.55,18.3,53.3,34.5,9
2025-01-13,W-013,Permian North,West Texas,Horizontal Oil,Producing,509.6,997.9,445.8,9588.37,280.69,74.31,2.72,38196.63,1.1,94.9,39.5,4
2025-01-13,W-014,Permian South,West Texas,Horizontal Oil,Producing,532.1,1635.7,616.0,8037.91,542.16,74.31,2.72,40075.92,0.2,95.5,40.3,4
2025-01-13,W-015,Eagle Ford,South Texas,Horizontal Oil,Maintenance,234.0,490.9,275.5,5300.3,3978.11,74.31,2.72,17547.4,5.4,76.4,35.6,2
2025-01-13,W-016,Bakken Central,North Dakota,Oil & Gas,Maintenance,335.3,1053.4,312.0,4774.11,16846.56,74.31,2.72,25262.81,6.2,74.5,33.0,6
2025-01-13,W-017,Bakken North,North Dakota,Horizontal Oil,Producing,188.2,623.4,191.9,4447.5,418.64,74.31,2.72,14191.97,2.6,85.9,34.2,11
2025-01-13,W-018,Delaware Basin,New Mexico,Horizontal Oil,Producing,438.0,1322.6,377.3,8819.5,704.49,74.31,2.72,32979.41,1.2,91.9,33.1,11
2025-01-14,W-001,Permian North,West Texas,Horizontal Oil,Producing,233.8,708.2,192.3,5456.31,417.36,75.86,2.98,17990.52,1.1,95.3,33.9,5
2025-01-14,W-002,Permian South,West Texas,Horizontal Oil,Maintenance,427.4,952.4,356.7,8920.66,13035.27,75.86,2.98,32764.64,7.5,68.3,39.1,2
2025-01-14,W-003,Eagle Ford,South Texas,Horizontal Oil,Producing,426.4,1251.8,477.8,6526.91,669.34,75.86,2.98,32797.26,0.8,95.9,31.4,7
2025-01-14,W-004,Bakken Central,North Dakota,Horizontal Oil,Producing,239.6,433.4,200.7,3947.13,249.91,75.86,2.98,18328.61,0.6,95.8,37.1,4
2025-01-14,W-005,Bakken North,North Dakota,Horizontal Oil,Producing,344.9,400.2,287.3,5646.72,359.54,75.86,2.98,26306.89,1.1,93.4,39.6,4
2025-01-14,W-006,Delaware Basin,New Mexico,Oil & Gas,Producing,332.7,1058.5,443.3,6075.53,404.59,75.86,2.98,25615.01,0.5,94.7,38.1,8
2025-01-14,W-007,Permian North,West Texas,Horizontal Oil,Producing,621.0,773.4,557.5,10315.14,161.54,75.86,2.98,47384.01,1.0,93.2,39.4,3
2025-01-14,W-008,Permian South,West Texas,Horizontal Oil,Producing,329.0,442.9,261.2,6998.16,596.15,75.86,2.98,25120.74,0.0,100,33.6,3
2025-01-14,W-009,Eagle Ford,South Texas,Horizontal Oil,Producing,237.3,706.1,293.7,5250.81,356.53,75.86,2.98,18254.95,0.0,100,35.6,2
2025-01-14,W-010,Bakken Central,North Dakota,Horizontal Oil,Producing,319.0,564.8,352.8,5905.25,293.94,75.86,2.98,24405.16,0,97.9,34.2,10
2025-01-14,W-011,Bakken North,North Dakota,Horizontal Oil,Producing,354.4,482.6,354.7,6791.07,645.37,75.86,2.98,27054.59,2.7,87.6,37.4,8
2025-01-14,W-012,Delaware Basin,New Mexico,Oil & Gas,Producing,245.1,433.8,270.6,5648.76,427.31,75.86,2.98,18747.32,0,98.5,34.5,9
2025-01-14,W-013,Permian North,West Texas,Horizontal Oil,Producing,496.4,1298.1,557.1,9129.21,892.56,75.86,2.98,38122.19,1.1,93.9,39.5,4
2025-01-14,W-014,Permian South,West Texas,Horizontal Oil,Producing,540.5,1270.5,639.2,9555.85,529.52,75.86,2.98,41460.03,0,99.2,40.3,4
2025-01-14,W-015,Eagle Ford,South Texas,Horizontal Oil,Producing,306.9,801.7,255.9,5873.41,886.89,75.86,2.98,23567.85,0.7,96.5,35.6,2
2025-01-14,W-016,Bakken Central,North Dakota,Oil & Gas,Producing,406.7,457.3,307.9,7222.59,564.41,75.86,2.98,31019.18,0.8,95.6,33.0,6
2025-01-14,W-017,Bakken North,North Dakota,Horizontal Oil,Producing,214.2,616.1,218.7,4198.68,119.65,75.86,2.98,16468.94,0,96.5,34.2,11
2025-01-14,W-018,Delaware Basin,New Mexico,Horizontal Oil,Producing,493.3,703.4,394.4,8371.5,486.34,75.86,2.98,37676.43,1.2,93.5,33.1,11
2025-01-15,W-001,Permian North,West Texas,Horizontal Oil,Producing,226.5,671.3,145.4,5133.55,641.71,72.79,2.8,16712.52,1.3,91.6,33.9,5
2025-01-15,W-002,Permian South,West Texas,Horizontal Oil,Producing,522.6,1247.9,688.2,8382.94,247.56,72.79,2.8,38459.72,0.8,95.9,39.1,2
2025-01-15,W-003,Eagle Ford,South Texas,Horizontal Oil,Producing,376.4,945.8,266.5,7294.3,663.79,72.79,2.8,27716.07,1.3,91.8,31.4,7
2025-01-15,W-004,Bakken Central,North Dakota,Horizontal Oil,Producing,241.0,748.4,168.6,4371.62,309.88,72.79,2.8,17791.92,0.9,96.6,37.1,4
2025-01-15,W-005,Bakken North,North Dakota,Horizontal Oil,Producing,368.5,911.3,382.9,6810.78,776.41,72.79,2.8,27126.02,0.5,97.0,39.6,4
2025-01-15,W-006,Delaware Basin,New Mexico,Oil & Gas,Producing,316.4,409.7,207.9,5067.45,246.44,72.79,2.8,23165.42,0.6,97.0,38.1,8
2025-01-15,W-007,Permian North,West Texas,Horizontal Oil,Producing,635.0,899.8,544.1,9780.13,654.75,72.79,2.8,46517.54,0.2,98.4,39.4,3
2025-01-15,W-008,Permian South,West Texas,Horizontal Oil,Producing,326.1,594.6,297.0,5165.55,107.67,72.79,2.8,23934.55,0,96.7,33.6,3
2025-01-15,W-009,Eagle Ford,South Texas,Horizontal Oil,Producing,258.3,584.5,244.4,5463.26,771.91,72.79,2.8,18998.12,0.5,96.4,35.6,2
2025-01-15,W-010,Bakken Central,North Dakota,Horizontal Oil,Producing,260.2,450.7,255.0,4402.43,694.01,72.79,2.8,19091.75,2.1,91.1,34.2,10
2025-01-15,W-011,Bakken North,North Dakota,Horizontal Oil,Producing,362.8,494.4,424.5,7256.96,758.09,72.79,2.8,26571.26,1.1,91.8,37.4,8
2025-01-15,W-012,Delaware Basin,New Mexico,Oil & Gas,Producing,231.1,695.4,266.0,4866.71,459.79,72.79,2.8,17053.28,0,97.7,34.5,9
2025-01-15,W-013,Permian North,West Texas,Horizontal Oil,Producing,536.9,1817.9,628.4,8784.68,570.34,72.79,2.8,39685.93,0.1,97.3,39.5,4
2025-01-15,W-014,Permian South,West Texas,Horizontal Oil,Producing,481.4,758.3,344.4,7225.07,324.87,72.79,2.8,35291.45,0.5,96.6,40.3,4
2025-01-15,W-015,Eagle Ford,South Texas,Horizontal Oil,Producing,307.9,543.5,235.2,7244.44,643.44,72.79,2.8,22589.48,0.4,94.9,35.6,2
2025-01-15,W-016,Bakken Central,North Dakota,Oil & Gas,Producing,439.0,1358.4,286.0,8363.03,669.12,72.79,2.8,32408.83,1.2,95.1,33.0,6
2025-01-15,W-017,Bakken North,North Dakota,Horizontal Oil,Producing,225.0,500.9,227.7,4121.84,461.59,72.79,2.8,16547.93,0,99.2,34.2,11
2025-01-15,W-018,Delaware Basin,New Mexico,Horizontal Oil,Producing,434.1,1412.3,366.9,8886.35,101.98,72.79,2.8,32069.43,1.6,93.2,33.1,11
2025-01-16,W-001,Permian North,West Texas,Horizontal Oil,Producing,255.2,490.9,153.3,4725.45,443.71,74.15,2.93,19091.25,0,97.1,33.9,5
2025-01-16,W-002,Permian South,West Texas,Horizontal Oil,Producing,555.5,1334.4,521.2,9515.07,138.73,74.15,2.93,41658.97,1.1,92.1,39.1,2
2025-01-16,W-003,Eagle Ford,South Texas,Horizontal Oil,Producing,426.7,591.2,527.4,7351.23,866.43,74.15,2.93,31842.14,0.2,96.2,31.4,7
2025-01-16,W-004,Bakken Central,North Dakota,Horizontal Oil,Producing,236.4,767.1,181.8,4555.75,397.48,74.15,2.93,17795.63,1.6,93.8,37.1,4
2025-01-16,W-005,Bakken North,North Dakota,Horizontal Oil,Producing,335.8,605.4,372.6,5871.85,662.96,74.15,2.93,25113.11,1.7,89.2,39.6,4
2025-01-16,W-006,Delaware Basin,New Mexico,Oil & Gas,Producing,312.0,349.8,345.2,7025.66,437.85,74.15,2.93,23253.44,1.2,91.8,38.1,8
2025-01-16,W-007,Permian North,West Texas,Horizontal Oil,Producing,605.2,1682.8,382.4,10083.36,209.7,74.15,2.93,45462.01,1.2,94.9,39.4,3
2025-01-16,W-008,Permian South,West Texas,Horizontal Oil,Producing,292.6,678.8,162.9,5881.9,677.95,74.15,2.93,21929.96,2.5,88.8,33.6,3
2025-01-16,W-009,Eagle Ford,South Texas,Horizontal Oil,Producing,213.9,573.0,264.8,3552.33,701.96,74.15,2.93,16059.88,2.7,87.8,35.6,2
2025-01-16,W-010,Bakken Central,North Dakota,Horizontal Oil,Producing,260.4,452.3,160.8,5137.21,586.07,74.15,2.93,19466.38,1.5,93.7,34.2,10
2025-01-16,W-011,Bakken North,North Dakota,Horizontal Oil,Producing,420.9,1100.5,333.1,7644.68,698.27,74.15,2.93,31598.01,0.6,95.0,37.4,8
2025-01-16,W-012,Delaware Basin,New Mexico,Oil & Gas,Maintenance,147.1,329.2,94.2,3419.18,10688.44,74.15,2.93,11022.46,20.0,55.5,34.5,9
2025-01-16,W-013,Permian North,West Texas,Horizontal Oil,Producing,550.0,1324.0,463.3,10391.17,863.56,74.15,2.93,41244.31,1.2,94.9,39.5,4
2025-01-16,W-014,Permian South,West Texas,Horizontal Oil,Maintenance,431.8,514.6,258.4,8673.01,12242.85,74.15,2.93,32200.08,3.4,84.6,40.3,4
2025-01-16,W-015,Eagle Ford,South Texas,Horizontal Oil,Producing,305.4,393.9,299.1,6021.1,347.93,74.15,2.93,22784.75,0.6,96.1,35.6,2
2025-01-16,W-016,Bakken Central,North Dakota,Oil & Gas,Producing,397.8,1017.8,484.3,7031.54,658.94,74.15,2.93,29849.9,1.2,94.7,33.0,6
2025-01-16,W-017,Bakken North,North Dakota,Horizontal Oil,Producing,202.2,262.5,181.5,4216.55,347.43,74.15,2.93,15081.68,0,99.7,34.2,11
2025-01-16,W-018,Delaware Basin,New Mexico,Horizontal Oil,Producing,465.1,686.9,610.4,8701.54,676.61,74.15,2.93,34725.87,1.7,90.0,33.1,11
2025-01-17,W-001,Permian North,West Texas,Horizontal Oil,Producing,245.0,704.1,140.5,5020.54,151.1,74.76,3.07,18574.61,1.8,92.1,33.9,5
2025-01-17,W-002,Permian South,West Texas,Horizontal Oil,Producing,524.0,1178.4,525.8,8691.63,182.32,74.76,3.07,39606.3,1.6,92.3,39.1,2
2025-01-17,W-003,Eagle Ford,South Texas,Horizontal Oil,Producing,392.9,891.9,229.9,8105.93,477.41,74.76,3.07,29699.27,1.2,93.0,31.4,7
2025-01-17,W-004,Bakken Central,North Dakota,Horizontal Oil,Producing,246.7,790.0,281.9,4452.54,433.01,74.76,3.07,18736.68,2.2,90.5,37.1,4
2025-01-17,W-005,Bakken North,North Dakota,Horizontal Oil,Producing,340.3,666.2,323.9,6836.03,743.47,74.76,3.07,25688.7,0.1,100,39.6,4
2025-01-17,W-006,Delaware Basin,New Mexico,Oil & Gas,Producing,286.6,872.1,232.6,5131.67,260.54,74.76,3.07,21745.64,1.6,92.2,38.1,8
2025-01-17,W-007,Permian North,West Texas,Horizontal Oil,Producing,631.1,1367.5,645.8,11029.05,256.34,74.76,3.07,47684.07,1.2,95.5,39.4,3
2025-01-17,W-008,Permian South,West Texas,Horizontal Oil,Producing,331.4,542.1,274.1,7362.65,860.79,74.76,3.07,24972.52,0.8,92.8,33.6,3
2025-01-17,W-009,Eagle Ford,South Texas,Horizontal Oil,Producing,249.8,692.6,158.2,4889.71,493.62,74.76,3.07,18930.7,0.9,92.7,35.6,2
2025-01-17,W-010,Bakken Central,North Dakota,Horizontal Oil,Producing,308.3,975.5,297.8,5920.03,879.64,74.76,3.07,23410.4,0.7,93.6,34.2,10
2025-01-17,W-011,Bakken North,North Dakota,Horizontal Oil,Producing,374.4,1117.9,228.3,6950.21,871.37,74.76,3.07,28403.56,0.5,95.2,37.4,8
2025-01-17,W-012,Delaware Basin,New Mexico,Oil & Gas,Producing,254.8,711.2,205.0,4247.4,262.17,74.76,3.07,19311.18,0.2,99.1,34.5,9
2025-01-17,W-013,Permian North,West Texas,Horizontal Oil,Producing,468.8,692.9,432.6,8038.8,871.71,74.76,3.07,35300.96,2.1,88.5,39.5,4
2025-01-17,W-014,Permian South,West Texas,Horizontal Oil,Producing,477.8,1279.4,578.6,8749.01,768.74,74.76,3.07,36189.69,0.8,94.4,40.3,4
2025-01-17,W-015,Eagle Ford,South Texas,Horizontal Oil,Producing,275.6,528.6,264.8,5598.38,892.54,74.76,3.07,20797.28,1.2,91.3,35.6,2
2025-01-17,W-016,Bakken Central,North Dakota,Oil & Gas,Producing,408.8,884.2,487.8,5856.11,764.3,74.76,3.07,30890.5,0,100,33.0,6
2025-01-17,W-017,Bakken North,North Dakota,Horizontal Oil,Producing,219.4,429.3,231.4,4710.21,307.06,74.76,3.07,16564.68,1.2,95.1,34.2,11
2025-01-17,W-018,Delaware Basin,New Mexico,Horizontal Oil,Maintenance,446.5,946.5,291.6,9495.26,7639.02,74.76,3.07,33729.41,3.3,83.0,33.1,11
2025-01-18,W-001,Permian North,West Texas,Horizontal Oil,Producing,218.2,582.9,150.2,3695.87,323.88,71.6,2.92,15828.0,1.1,95.8,33.9,5
2025-01-18,W-002,Permian South,West Texas,Horizontal Oil,Maintenance,302.9,538.7,266.4,5491.26,6836.53,71.6,2.92,21874.69,14.4,53.2,39.1,2
2025-01-18,W-003,Eagle Ford,South Texas,Horizontal Oil,Producing,460.7,1063.9,485.8,9749.07,891.52,71.6,2.92,33357.26,0.1,99.5,31.4,7
2025-01-18,W-004,Bakken Central,North Dakota,Horizontal Oil,Producing,288.5,650.6,248.3,4657.38,275.22,71.6,2.92,20881.07,0,100,37.1,4
2025-01-18,W-005,Bakken North,North Dakota,Horizontal Oil,Producing,333.8,1128.3,324.9,7264.38,879.18,71.6,2.92,24292.83,0.5,94.5,39.6,4
2025-01-18,W-006,Delaware Basin,New Mexico,Oil & Gas,Producing,333.4,409.6,449.1,6045.23,737.91,71.6,2.92,24015.99,0.6,95.3,38.1,8
2025-01-18,W-007,Permian North,West Texas,Horizontal Oil,Producing,623.6,938.5,638.6,12009.05,831.18,71.6,2.92,44978.39,2.3,86.9,39.4,3
2025-01-18,W-008,Permian South,West Texas,Horizontal Oil,Producing,325.8,499.4,436.7,6962.22,347.24,71.6,2.92,23503.2,1.8,91.1,33.6,3
2025-01-18,W-009,Eagle Ford,South Texas,Horizontal Oil,Producing,229.1,367.3,222.5,4454.34,261.17,71.6,2.92,16531.63,0.5,94.6,35.6,2
2025-01-18,W-010,Bakken Central,North Dakota,Horizontal Oil,Producing,262.4,301.9,267.5,5904.78,777.18,71.6,2.92,18897.0,2.1,91.5,34.2,10
2025-01-18,W-011,Bakken North,North Dakota,Horizontal Oil,Producing,399.5,1304.9,346.2,6089.98,209.16,71.6,2.92,29061.13,0.0,96.8,37.4,8
2025-01-18,W-012,Delaware Basin,New Mexico,Oil & Gas,Producing,241.2,361.9,319.6,5527.68,729.59,71.6,2.92,17395.71,1.3,91.9,34.5,9
2025-01-18,W-013,Permian North,West Texas,Horizontal Oil,Producing,516.1,931.9,568.1,8074.1,859.03,71.6,2.92,37277.62,0,100,39.5,4
2025-01-18,W-014,Permian South,West Texas,Horizontal Oil,Producing,425.1,1056.5,547.0,8734.96,552.44,71.6,2.92,30803.95,2.9,88.5,40.3,4
2025-01-18,W-015,Eagle Ford,South Texas,Horizontal Oil,Producing,306.9,505.6,410.0,5779.6,170.98,71.6,2.92,22152.04,0.7,96.6,35.6,2
2025-01-18,W-016,Bakken Central,North Dakota,Oil & Gas,Producing,384.7,644.0,232.4,5901.17,101.02,71.6,2.92,27770.21,1.5,91.8,33.0,6
2025-01-18,W-017,Bakken North,North Dakota,Horizontal Oil,Producing,234.7,735.6,221.7,4547.69,181.14,71.6,2.92,17062.07,0.2,97.6,34.2,11
2025-01-18,W-018,Delaware Basin,New Mexico,Horizontal Oil,Producing,455.0,577.6,558.1,7440.97,861.33,71.6,2.92,32779.52,0.1,96.0,33.1,11
2025-01-19,W-001,Permian North,West Texas,Horizontal Oil,Producing,235.2,744.7,146.9,4892.59,486.19,70.19,2.93,16774.07,1.5,90.1,33.9,5
2025-01-19,W-002,Permian South,West Texas,Horizontal Oil,Producing,504.1,671.9,360.1,8278.77,677.63,70.19,2.93,35617.43,1.7,92.6,39.1,2
2025-01-19,W-003,Eagle Ford,South Texas,Horizontal Oil,Producing,379.9,625.5,224.1,7755.62,222.87,70.19,2.93,26888.65,2.2,88.8,31.4,7
2025-01-19,W-004,Bakken Central,North Dakota,Horizontal Oil,Producing,268.6,418.8,153.3,4352.18,165.55,70.19,2.93,19002.13,0.5,98.1,37.1,4
2025-01-19,W-005,Bakken North,North Dakota,Horizontal Oil,Producing,333.9,742.8,360.2,5443.47,247.9,70.19,2.93,23695.59,1.9,92.5,39.6,4
2025-01-19,W-006,Delaware Basin,New Mexico,Oil & Gas,Producing,315.0,510.3,240.9,5386.8,633.97,70.19,2.93,22287.39,0.2,95.6,38.1,8
2025-01-19,W-007,Permian North,West Texas,Horizontal Oil,Producing,629.2,2096.8,642.9,11295.27,754.72,70.19,2.93,44900.52,1.0,94.0,39.4,3
2025-01-19,W-008,Permian South,West Texas,Horizontal Oil,Producing,349.9,768.1,214.5,7671.05,501.68,70.19,2.93,24829.14,1.4,94.6,33.6,3
2025-01-19,W-009,Eagle Ford,South Texas,Horizontal Oil,Producing,251.8,636.2,162.7,5221.69,887.49,70.19,2.93,17897.71,0.1,100,35.6,2
2025-01-19,W-010,Bakken Central,North Dakota,Horizontal Oil,Producing,302.8,636.4,408.2,6160.82,306.31,70.19,2.93,21481.04,1.4,94.7,34.2,10
2025-01-19,W-011,Bakken North,North Dakota,Horizontal Oil,Producing,356.4,710.2,309.3,5980.06,466.53,70.19,2.93,25266.11,1.4,94.5,37.4,8
2025-01-19,W-012,Delaware Basin,New Mexico,Oil & Gas,Producing,244.5,501.9,163.4,5254.82,851.72,70.19,2.93,17335.68,0.1,100,34.5,9
2025-01-19,W-013,Permian North,West Texas,Horizontal Oil,Producing,507.5,892.2,496.6,8301.77,406.43,70.19,2.93,35936.74,0.1,98.0,39.5,4
2025-01-19,W-014,Permian South,West Texas,Horizontal Oil,Producing,465.1,1162.8,513.9,7489.76,365.2,70.19,2.93,33058.51,1.4,91.5,40.3,4
2025-01-19,W-015,Eagle Ford,South Texas,Horizontal Oil,Producing,313.3,991.1,177.4,6583.66,324.28,70.19,2.93,22342.48,0.9,94.8,35.6,2
2025-01-19,W-016,Bakken Central,North Dakota,Oil & Gas,Producing,366.1,1223.0,331.1,7031.46,433.42,70.19,2.93,26125.97,2.1,90.5,33.0,6
2025-01-19,W-017,Bakken North,North Dakota,Horizontal Oil,Producing,193.7,580.3,221.4,4704.78,756.81,70.19,2.93,13802.93,1.7,91.6,34.2,11
2025-01-19,W-018,Delaware Basin,New Mexico,Horizontal Oil,Producing,447.5,1368.5,560.9,6477.78,766.34,70.19,2.93,31893.12,0.4,98.5,33.1,11
2025-01-20,W-001,Permian North,West Texas,Horizontal Oil,Producing,239.6,414.6,289.6,4856.69,199.1,74.11,2.85,17899.38,1.7,89.3,33.9,5
2025-01-20,W-002,Permian South,West Texas,Horizontal Oil,Producing,603.1,1477.5,500.4,9768.68,699.17,74.11,2.85,45200.8,0.4,97.8,39.1,2
2025-01-20,W-003,Eagle Ford,South Texas,Horizontal Oil,Producing,417.6,615.8,420.9,9453.09,617.9,74.11,2.85,31159.59,0.5,97.3,31.4,7
2025-01-20,W-004,Bakken Central,North Dakota,Horizontal Oil,Producing,274.7,787.0,153.0,5983.89,580.91,74.11,2.85,20623.81,0.7,93.2,37.1,4
2025-01-20,W-005,Bakken North,North Dakota,Horizontal Oil,Producing,374.1,674.3,495.1,7103.3,401.18,74.11,2.85,27952.72,0.9,94.1,39.6,4
2025-01-20,W-006,Delaware Basin,New Mexico,Oil & Gas,Producing,337.5,679.6,213.3,6522.72,774.63,74.11,2.85,25248.25,0,97.9,38.1,8
2025-01-20,W-007,Permian North,West Texas,Horizontal Oil,Producing,637.0,1138.0,405.4,9694.82,612.48,74.11,2.85,47597.9,1.0,96.1,39.4,3
2025-01-20,W-008,Permian South,West Texas,Horizontal Oil,Producing,331.5,479.0,385.4,7417.09,741.89,74.11,2.85,24733.46,0.4,97.4,33.6,3
2025-01-20,W-009,Eagle Ford,South Texas,Horizontal Oil,Producing,253.2,698.6,272.0,5721.08,434.85,74.11,2.85,19005.67,0,97.9,35.6,2
2025-01-20,W-010,Bakken Central,North Dakota,Horizontal Oil,Maintenance,165.4,254.2,187.1,3277.45,14665.9,74.11,2.85,12347.15,16.2,55.3,34.2,10
2025-01-20,W-011,Bakken North,North Dakota,Horizontal Oil,Producing,432.9,1348.9,300.8,6349.52,306.92,74.11,2.85,32544.89,0,100,37.4,8
2025-01-20,W-012,Delaware Basin,New Mexico,Oil & Gas,Producing,228.8,609.3,187.3,3897.21,695.37,74.11,2.85,17163.24,0.7,94.7,34.5,9
2025-01-20,W-013,Permian North,West Texas,Horizontal Oil,Producing,517.2,1581.4,479.1,10236.66,855.44,74.11,2.85,38868.93,0.5,94.3,39.5,4
2025-01-20,W-014,Permian South,West Texas,Horizontal Oil,Producing,498.0,1541.4,425.9,7883.91,783.39,74.11,2.85,37433.76,1.3,91.4,40.3,4
2025-01-20,W-015,Eagle Ford,South Texas,Horizontal Oil,Producing,325.1,699.8,261.1,7066.6,490.06,74.11,2.85,24334.3,0,99.2,35.6,2
2025-01-20,W-016,Bakken Central,North Dakota,Oil & Gas,Producing,412.6,458.3,317.2,7569.75,711.59,74.11,2.85,30735.45,1.4,92.7,33.0,6
2025-01-20,W-017,Bakken North,North Dakota,Horizontal Oil,Producing,208.6,423.1,275.9,3656.35,259.53,74.11,2.85,15606.75,1.7,90.9,34.2,11
2025-01-20,W-018,Delaware Basin,New Mexico,Horizontal Oil,Maintenance,333.7,513.4,364.2,6283.82,13249.63,74.11,2.85,24908.62,8.4,63.5,33.1,11
2025-01-21,W-001,Permian North,West Texas,Horizontal Oil,Producing,221.5,663.3,174.7,4382.97,577.1,73.08,2.9,16418.42,1.4,92.0,33.9,5
2025-01-21,W-002,Permian South,West Texas,Horizontal Oil,Producing,578.4,1114.1,405.3,12253.78,422.71,73.08,2.9,42658.77,1.5,91.1,39.1,2
2025-01-21,W-003,Eagle Ford,South Texas,Horizontal Oil,Producing,394.3,1099.5,402.9,6514.9,620.43,73.08,2.9,29200.18,0.8,93.0,31.4,7
2025-01-21,W-004,Bakken Central,North Dakota,Horizontal Oil,Producing,241.1,816.7,260.3,4399.38,651.8,73.08,2.9,17903.18,0.8,94.8,37.1,4
2025-01-21,W-005,Bakken North,North Dakota,Horizontal Oil,Producing,344.8,755.4,231.9,6935.45,340.89,73.08,2.9,25460.02,1.8,91.9,39.6,4
2025-01-21,W-006,Delaware Basin,New Mexico,Oil & Gas,Producing,291.5,877.6,184.8,5617.06,191.21,73.08,2.9,21611.41,0.7,93.7,38.1,8
2025-01-21,W-007,Permian North,West Texas,Horizontal Oil,Producing,570.6,972.8,552.6,9026.35,336.28,73.08,2.9,42040.39,1.9,88.6,39.4,3
2025-01-21,W-008,Permian South,West Texas,Horizontal Oil,Producing,321.0,355.1,349.0,7266.83,635.22,73.08,2.9,23582.42,1.3,91.5,33.6,3
2025-01-21,W-009,Eagle Ford,South Texas,Horizontal Oil,Producing,219.7,607.2,138.6,3999.38,890.93,73.08,2.9,16266.22,2.6,86.9,35.6,2
2025-01-21,W-010,Bakken Central,North Dakota,Horizontal Oil,Producing,260.3,460.3,310.1,4905.91,176.0,73.08,2.9,19184.48,1.2,94.8,34.2,10
2025-01-21,W-011,Bakken North,North Dakota,Horizontal Oil,Maintenance,231.5,345.5,193.5,4658.68,16116.37,73.08,2.9,17039.85,19.0,53.1,37.4,8
2025-01-21,W-012,Delaware Basin,New Mexico,Oil & Gas,Producing,225.1,455.0,297.0,4129.59,780.54,73.08,2.9,16606.45,1.1,95.4,34.5,9
2025-01-21,W-013,Permian North,West Texas,Horizontal Oil,Producing,545.1,673.1,710.8,8250.97,572.6,73.08,2.9,40071.91,0.9,96.3,39.5,4
2025-01-21,W-014,Permian South,West Texas,Horizontal Oil,Producing,490.0,966.9,410.0,7580.07,770.83,73.08,2.9,36145.63,0.4,99.2,40.3,4
2025-01-21,W-015,Eagle Ford,South Texas,Horizontal Oil,Producing,285.9,344.8,217.1,5564.78,642.34,73.08,2.9,21017.98,1.1,95.3,35.6,2
2025-01-21,W-016,Bakken Central,North Dakota,Oil & Gas,Producing,422.7,1415.5,459.0,7041.39,660.46,73.08,2.9,31382.24,0.6,94.1,33.0,6
2025-01-21,W-017,Bakken North,North Dakota,Horizontal Oil,Producing,218.8,434.4,267.2,4990.7,143.65,73.08,2.9,16143.14,0.8,95.9,34.2,11
2025-01-21,W-018,Delaware Basin,New Mexico,Horizontal Oil,Producing,483.0,1477.7,601.6,7371.41,292.71,73.08,2.9,35815.24,1.5,94.5,33.1,11
2025-01-22,W-001,Permian North,West Texas,Horizontal Oil,Producing,244.8,720.4,222.4,5265.12,194.97,72.6,2.82,18014.25,0.3,97.3,33.9,5
2025-01-22,W-002,Permian South,West Texas,Horizontal Oil,Producing,514.0,1052.8,511.8,7208.89,583.36,72.6,2.82,37667.94,1.1,94.6,39.1,2
2025-01-22,W-003,Eagle Ford,South Texas,Horizontal Oil,Producing,442.9,1455.3,372.3,6744.29,463.57,72.6,2.82,32644.41,0.3,97.6,31.4,7
2025-01-22,W-004,Bakken Central,North Dakota,Horizontal Oil,Producing,260.3,679.7,292.2,4622.15,277.4,72.6,2.82,19124.08,0.8,94.4,37.1,4
2025-01-22,W-005,Bakken North,North Dakota,Horizontal Oil,Producing,349.8,949.7,205.2,5404.73,673.48,72.6,2.82,25715.07,1.4,93.8,39.6,4
2025-01-22,W-006,Delaware Basin,New Mexico,Oil & Gas,Producing,317.0,485.4,410.2,5760.71,725.14,72.6,2.82,23175.13,0.7,96.7,38.1,8
2025-01-22,W-007,Permian North,West Texas,Horizontal Oil,Producing,691.5,1697.1,807.4,11670.98,864.95,72.6,2.82,50771.15,0,96.7,39.4,3
2025-01-22,W-008,Permian South,West Texas,Horizontal Oil,Producing,326.7,395.9,424.2,6883.12,506.67,72.6,2.82,23851.99,1.7,93.5,33.6,3
2025-01-22,W-009,Eagle Ford,South Texas,Horizontal Oil,Producing,230.5,458.9,237.5,5351.89,407.73,72.6,2.82,16886.86,0,100,35.6,2
2025-01-22,W-010,Bakken Central,North Dakota,Horizontal Oil,Producing,308.4,533.4,407.4,6491.41,206.7,72.6,2.82,22571.71,0.2,97.2,34.2,10
2025-01-22,W-011,Bakken North,North Dakota,Horizontal Oil,Producing,409.9,1262.2,458.8,8630.66,260.71,72.6,2.82,30180.34,0.8,95.8,37.4,8
2025-01-22,W-012,Delaware Basin,New Mexico,Oil & Gas,Producing,242.0,640.5,323.1,5506.71,503.11,72.6,2.82,17784.77,0.1,99.1,34.5,9
2025-01-22,W-013,Permian North,West Texas,Horizontal Oil,Producing,514.8,1241.8,557.9,8971.7,773.11,72.6,2.82,37788.29,1.4,91.7,39.5,4
2025-01-22,W-014,Permian South,West Texas,Horizontal Oil,Producing,525.2,1209.1,299.5,8403.62,259.92,72.6,2.82,38534.02,1.3,94.3,40.3,4
2025-01-22,W-015,Eagle Ford,South Texas,Horizontal Oil,Producing,312.8,841.0,245.9,6176.87,751.22,72.6,2.82,22994.94,0.7,93.7,35.6,2
2025-01-22,W-016,Bakken Central,North Dakota,Oil & Gas,Producing,420.6,1299.4,481.2,7278.67,727.45,72.6,2.82,30975.48,1.4,94.2,33.0,6
2025-01-22,W-017,Bakken North,North Dakota,Horizontal Oil,Producing,215.7,712.0,287.1,4184.37,110.37,72.6,2.82,15901.09,0,97.3,34.2,11
2025-01-22,W-018,Delaware Basin,New Mexico,Horizontal Oil,Producing,510.1,1581.8,619.2,10553.13,618.11,72.6,2.82,37562.19,0,99.8,33.1,11
2025-01-23,W-001,Permian North,West Texas,Horizontal Oil,Producing,221.3,591.0,154.8,4011.47,401.76,68.6,2.71,15375.48,1.5,92.0,33.9,5
2025-01-23,W-002,Permian South,West Texas,Horizontal Oil,Producing,526.1,1285.3,396.7,9057.67,223.84,68.6,2.71,36504.63,0.7,93.9,39.1,2
2025-01-23,W-003,Eagle Ford,South Texas,Horizontal Oil,Producing,396.6,1040.0,373.8,7557.33,727.23,68.6,2.71,27542.32,2.6,87.0,31.4,7
2025-01-23,W-004,Bakken Central,North Dakota,Horizontal Oil,Producing,241.2,303.1,230.1,4581.33,173.56,68.6,2.71,16642.34,1.4,91.4,37.1,4
2025-01-23,W-005,Bakken North,North Dakota,Horizontal Oil,Producing,346.7,981.7,337.9,7795.4,884.91,68.6,2.71,24103.89,0.4,94.4,39.6,4
2025-01-23,W-006,Delaware Basin,New Mexico,Oil & Gas,Producing,297.9,947.4,310.1,6389.5,646.04,68.6,2.71,20742.58,1.5,91.5,38.1,8
2025-01-23,W-007,Permian North,West Texas,Horizontal Oil,Producing,617.7,1081.3,790.1,11643.36,742.25,68.6,2.71,42724.03,1.5,92.1,39.4,3
2025-01-23,W-008,Permian South,West Texas,Horizontal Oil,Maintenance,182.5,416.4,238.8,3994.21,10838.61,68.6,2.71,12651.36,20.0,52.8,33.6,3
2025-01-23,W-009,Eagle Ford,South Texas,Horizontal Oil,Producing,248.2,714.7,308.3,4562.64,530.2,68.6,2.71,17259.68,0.5,97.4,35.6,2
2025-01-23,W-010,Bakken Central,North Dakota,Horizontal Oil,Producing,307.0,865.1,206.6,5421.6,170.02,68.6,2.71,21340.89,1.0,92.3,34.2,10
2025-01-23,W-011,Bakken North,North Dakota,Horizontal Oil,Producing,414.3,1003.7,303.3,6768.53,604.17,68.6,2.71,28748.34,0,98.2,37.4,8
2025-01-23,W-012,Delaware Basin,New Mexico,Oil & Gas,Maintenance,138.2,356.0,144.4,3487.66,13363.67,68.6,2.71,9598.12,15.5,53.0,34.5,9
2025-01-23,W-013,Permian North,West Texas,Horizontal Oil,Producing,488.4,634.4,567.6,8282.36,628.58,68.6,2.71,33706.83,1.9,90.6,39.5,4
2025-01-23,W-014,Permian South,West Texas,Horizontal Oil,Producing,460.1,919.9,546.6,8935.55,215.26,68.6,2.71,31859.49,1.7,92.3,40.3,4
2025-01-23,W-015,Eagle Ford,South Texas,Horizontal Oil,Producing,283.3,930.4,281.3,5377.84,104.02,68.6,2.71,19738.82,1.2,94.0,35.6,2
2025-01-23,W-016,Bakken Central,North Dakota,Oil & Gas,Producing,462.3,832.6,531.1,8963.98,430.12,68.6,2.71,31985.61,0,99.2,33.0,6
2025-01-23,W-017,Bakken North,North Dakota,Horizontal Oil,Producing,222.1,343.5,154.4,5232.22,781.11,68.6,2.71,15345.47,1.1,96.0,34.2,11
2025-01-23,W-018,Delaware Basin,New Mexico,Horizontal Oil,Producing,457.7,1082.2,358.2,6622.83,680.47,68.6,2.71,31749.45,1.3,93.1,33.1,11
2025-01-24,W-001,Permian North,West Texas,Horizontal Oil,Producing,248.3,454.6,226.1,4827.29,567.34,70.0,2.78,17531.16,1.7,91.8,33.9,5
2025-01-24,W-002,Permian South,West Texas,Horizontal Oil,Producing,525.8,1096.3,291.2,8290.64,691.85,70.0,2.78,37169.57,1.5,92.0,39.1,2
2025-01-24,W-003,Eagle Ford,South Texas,Horizontal Oil,Producing,431.8,934.7,361.4,7612.38,240.62,70.0,2.78,30540.14,1.7,92.0,31.4,7
2025-01-24,W-004,Bakken Central,North Dakota,Horizontal Oil,Producing,266.0,378.3,261.0,5057.03,161.17,70.0,2.78,18748.71,1.8,89.1,37.1,4
2025-01-24,W-005,Bakken North,North Dakota,Horizontal Oil,Maintenance,187.6,457.4,164.0,4445.46,11049.71,70.0,2.78,13284.36,12.1,54.3,39.6,4
2025-01-24,W-006,Delaware Basin,New Mexico,Oil & Gas,Producing,313.7,506.1,366.3,6197.93,471.76,70.0,2.78,22126.24,0,98.6,38.1,8
2025-01-24,W-007,Permian North,West Texas,Horizontal Oil,Producing,627.9,1647.8,771.4,12002.2,232.67,70.0,2.78,44506.55,1.0,94.5,39.4,3
2025-01-24,W-008,Permian South,West Texas,Horizontal Oil,Producing,336.0,1117.5,382.6,6188.99,275.06,70.0,2.78,23893.98,1.6,91.9,33.6,3
2025-01-24,W-009,Eagle Ford,South Texas,Horizontal Oil,Producing,215.0,257.6,153.8,4950.34,475.74,70.0,2.78,15132.74,2.6,87.6,35.6,2
2025-01-24,W-010,Bakken Central,North Dakota,Horizontal Oil,Maintenance,159.1,432.5,153.9,4060.11,6581.4,70.0,2.78,11281.88,21.6,54.3,34.2,10
2025-01-24,W-011,Bakken North,North Dakota,Horizontal Oil,Producing,414.4,1252.1,399.2,7583.93,513.1,70.0,2.78,29425.17,0.4,96.1,37.4,8
2025-01-24,W-012,Delaware Basin,New Mexico,Oil & Gas,Producing,247.4,546.6,255.7,4553.84,232.48,70.0,2.78,17503.52,0.2,95.6,34.5,9
2025-01-24,W-013,Permian North,West Texas,Horizontal Oil,Producing,516.5,1420.1,332.9,8480.66,676.2,70.0,2.78,36626.0,0.9,94.7,39.5,4
2025-01-24,W-014,Permian South,West Texas,Horizontal Oil,Producing,475.1,698.9,578.1,6726.38,558.79,70.0,2.78,33492.54,1.3,91.6,40.3,4
2025-01-24,W-015,Eagle Ford,South Texas,Horizontal Oil,Producing,260.8,441.9,181.0,6145.32,550.88,70.0,2.78,18406.92,1.8,88.9,35.6,2
2025-01-24,W-016,Bakken Central,North Dakota,Oil & Gas,Producing,421.6,738.6,260.8,7770.6,793.84,70.0,2.78,29756.88,1.1,92.4,33.0,6
2025-01-24,W-017,Bakken North,North Dakota,Horizontal Oil,Producing,232.4,352.9,250.5,4531.18,374.14,70.0,2.78,16387.8,0,98.3,34.2,11
2025-01-24,W-018,Delaware Basin,New Mexico,Horizontal Oil,Producing,465.1,924.0,296.2,7865.63,503.49,70.0,2.78,32865.68,0,98.1,33.1,11
2025-01-25,W-001,Permian North,West Texas,Horizontal Oil,Producing,255.9,577.8,164.8,4569.79,582.78,70.42,2.74,18212.76,0.6,97.6,33.9,5
2025-01-25,W-002,Permian South,West Texas,Horizontal Oil,Producing,589.0,1527.5,570.0,9475.64,523.85,70.42,2.74,41984.98,0.7,94.3,39.1,2
2025-01-25,W-003,Eagle Ford,South Texas,Horizontal Oil,Producing,425.1,1192.6,492.8,8114.52,207.11,70.42,2.74,30331.7,1.0,94.3,31.4,7
2025-01-25,W-004,Bakken Central,North Dakota,Horizontal Oil,Producing,287.9,504.2,360.3,4907.39,667.32,70.42,2.74,20440.02,0.0,99.9,37.1,4
2025-01-25,W-005,Bakken North,North Dakota,Horizontal Oil,Producing,366.6,983.3,294.3,6088.51,621.26,70.42,2.74,26143.54,0.9,93.6,39.6,4
2025-01-25,W-006,Delaware Basin,New Mexico,Oil & Gas,Producing,305.2,592.5,235.2,6418.27,430.58,70.42,2.74,21691.34,0.9,96.2,38.1,8
2025-01-25,W-007,Permian North,West Texas,Horizontal Oil,Producing,625.4,1129.1,516.3,11700.91,784.0,70.42,2.74,44415.84,0.1,98.9,39.4,3
2025-01-25,W-008,Permian South,West Texas,Horizontal Oil,Producing,325.9,882.6,221.4,5528.01,370.75,70.42,2.74,23239.17,1.5,92.6,33.6,3
2025-01-25,W-009,Eagle Ford,South Texas,Horizontal Oil,Producing,258.6,287.6,161.1,5091.59,448.3,70.42,2.74,18307.54,0.7,93.5,35.6,2
2025-01-25,W-010,Bakken Central,North Dakota,Horizontal Oil,Producing,273.6,324.8,234.6,6050.09,516.8,70.42,2.74,19377.87,0.3,98.3,34.2,10
2025-01-25,W-011,Bakken North,North Dakota,Horizontal Oil,Producing,382.3,806.5,272.0,7652.37,328.81,70.42,2.74,27188.7,2.2,87.4,37.4,8
2025-01-25,W-012,Delaware Basin,New Mexico,Oil & Gas,Producing,247.9,404.7,169.9,3954.11,100.23,70.42,2.74,17588.07,0.3,95.6,34.5,9
2025-01-25,W-013,Permian North,West Texas,Horizontal Oil,Producing,519.9,1272.7,501.3,9366.35,172.13,70.42,2.74,37032.84,0.9,93.8,39.5,4
2025-01-25,W-014,Permian South,West Texas,Horizontal Oil,Producing,564.1,1072.1,745.0,9333.08,255.62,70.42,2.74,40078.69,0.1,100,40.3,4
2025-01-25,W-015,Eagle Ford,South Texas,Horizontal Oil,Producing,276.6,350.3,217.2,6633.65,865.37,70.42,2.74,19593.72,0.7,97.5,35.6,2
2025-01-25,W-016,Bakken Central,North Dakota,Oil & Gas,Producing,406.8,1097.0,538.1,7600.26,705.98,70.42,2.74,29008.74,1.6,94.1,33.0,6
2025-01-25,W-017,Bakken North,North Dakota,Horizontal Oil,Producing,202.8,277.3,122.5,4832.58,641.53,70.42,2.74,14370.08,0,97.1,34.2,11
2025-01-25,W-018,Delaware Basin,New Mexico,Horizontal Oil,Producing,501.9,1148.4,280.0,9704.22,174.41,70.42,2.74,35725.81,1.1,94.8,33.1,11
2025-01-26,W-001,Permian North,West Texas,Horizontal Oil,Producing,266.3,457.8,348.3,5830.74,499.2,69.72,2.62,18712.33,0.1,96.6,33.9,5
2025-01-26,W-002,Permian South,West Texas,Horizontal Oil,Producing,593.9,935.7,423.0,9680.93,224.8,69.72,2.62,41696.9,0.9,92.9,39.1,2
2025-01-26,W-003,Eagle Ford,South Texas,Horizontal Oil,Producing,440.3,1258.3,432.9,6934.67,596.53,69.72,2.62,31092.79,0.3,97.2,31.4,7
2025-01-26,W-004,Bakken Central,North Dakota,Horizontal Oil,Producing,289.9,898.2,273.3,6645.52,324.21,69.72,2.62,20494.6,0,97.1,37.1,4
2025-01-26,W-005,Bakken North,North Dakota,Horizontal Oil,Producing,336.2,787.9,320.0,6232.49,239.84,69.72,2.62,23684.55,2.2,91.6,39.6,4
2025-01-26,W-006,Delaware Basin,New Mexico,Oil & Gas,Producing,302.1,811.3,169.0,5322.88,360.35,69.72,2.62,21319.16,1.3,93.7,38.1,8
2025-01-26,W-007,Permian North,West Texas,Horizontal Oil,Producing,647.6,1625.5,545.7,10743.02,660.57,69.72,2.62,45658.14,0.2,97.0,39.4,3
2025-01-26,W-008,Permian South,West Texas,Horizontal Oil,Producing,329.4,498.7,215.8,6142.74,179.9,69.72,2.62,23125.35,0.6,94.9,33.6,3
2025-01-26,W-009,Eagle Ford,South Texas,Horizontal Oil,Producing,231.1,764.1,154.8,4923.06,499.68,69.72,2.62,16352.9,0.1,100,35.6,2
2025-01-26,W-010,Bakken Central,North Dakota,Horizontal Oil,Producing,285.9,788.4,336.9,5069.29,554.27,69.72,2.62,20182.75,1.1,93.5,34.2,10
2025-01-26,W-011,Bakken North,North Dakota,Horizontal Oil,Producing,372.2,948.6,338.7,6314.85,548.28,69.72,2.62,26247.49,2.2,91.4,37.4,8
2025-01-26,W-012,Delaware Basin,New Mexico,Oil & Gas,Producing,217.5,299.9,270.6,4754.73,560.72,69.72,2.62,15260.38,1.3,93.9,34.5,9
2025-01-26,W-013,Permian North,West Texas,Horizontal Oil,Producing,545.6,1211.8,621.5,10612.73,329.22,69.72,2.62,38416.7,0.9,95.4,39.5,4
2025-01-26,W-014,Permian South,West Texas,Horizontal Oil,Producing,497.3,1470.9,407.7,9414.3,779.12,69.72,2.62,35132.57,0.1,96.0,40.3,4
2025-01-26,W-015,Eagle Ford,South Texas,Horizontal Oil,Producing,283.8,486.7,302.4,5194.28,790.25,69.72,2.62,19936.38,0.9,94.1,35.6,2
2025-01-26,W-016,Bakken Central,North Dakota,Oil & Gas,Producing,435.9,894.6,303.9,6627.22,629.62,69.72,2.62,30673.99,1.5,94.4,33.0,6
2025-01-26,W-017,Bakken North,North Dakota,Horizontal Oil,Producing,195.5,243.7,245.0,3644.4,417.61,69.72,2.62,13706.96,1.2,94.8,34.2,11
2025-01-26,W-018,Delaware Basin,New Mexico,Horizontal Oil,Producing,449.2,654.5,482.3,8970.18,297.92,69.72,2.62,31520.25,1.0,93.4,33.1,11
2025-01-27,W-001,Permian North,West Texas,Horizontal Oil,Producing,244.1,451.0,227.2,5518.92,317.93,68.18,2.59,16780.45,2.0,90.0,33.9,5
2025-01-27,W-002,Permian South,West Texas,Horizontal Oil,Producing,575.2,866.9,591.3,10784.43,551.19,68.18,2.59,39487.13,1.0,94.5,39.1,2
2025-01-27,W-003,Eagle Ford,South Texas,Horizontal Oil,Producing,431.6,1273.4,389.9,7481.87,342.86,68.18,2.59,29820.44,0.5,94.0,31.4,7
2025-01-27,W-004,Bakken Central,North Dakota,Horizontal Oil,Producing,269.9,510.4,249.8,4741.64,857.57,68.18,2.59,18561.66,1.5,92.2,37.1,4
2025-01-27,W-005,Bakken North,North Dakota,Horizontal Oil,Maintenance,200.2,326.8,111.3,3893.26,11188.59,68.18,2.59,13755.02,10.6,54.7,39.6,4
2025-01-27,W-006,Delaware Basin,New Mexico,Oil & Gas,Producing,306.0,521.7,271.7,5615.2,827.96,68.18,2.59,21028.77,0.7,97.1,38.1,8
2025-01-27,W-007,Permian North,West Texas,Horizontal Oil,Producing,632.7,1777.0,757.3,10829.03,245.93,68.18,2.59,43688.54,0.0,97.4,39.4,3
2025-01-27,W-008,Permian South,West Texas,Horizontal Oil,Producing,354.3,542.8,200.4,5705.55,248.75,68.18,2.59,24327.57,0.3,95.3,33.6,3
2025-01-27,W-009,Eagle Ford,South Texas,Horizontal Oil,Producing,252.1,698.8,185.6,4575.07,373.53,68.18,2.59,17404.01,0.4,95.9,35.6,2
2025-01-27,W-010,Bakken Central,North Dakota,Horizontal Oil,Producing,291.7,542.5,357.3,5762.09,720.52,68.18,2.59,20059.42,1.7,89.5,34.2,10
2025-01-27,W-011,Bakken North,North Dakota,Horizontal Oil,Producing,377.1,1144.8,454.0,7276.08,714.52,68.18,2.59,26069.43,0.8,94.0,37.4,8
2025-01-27,W-012,Delaware Basin,New Mexico,Oil & Gas,Producing,230.8,498.5,269.3,5160.74,478.26,68.18,2.59,15890.78,0,99.4,34.5,9
2025-01-27,W-013,Permian North,West Texas,Horizontal Oil,Producing,505.4,1287.4,295.0,10181.57,302.65,68.18,2.59,34861.71,1.3,93.8,39.5,4
2025-01-27,W-014,Permian South,West Texas,Horizontal Oil,Producing,462.3,628.7,488.4,7547.22,320.88,68.18,2.59,31719.3,2.0,88.5,40.3,4
2025-01-27,W-015,Eagle Ford,South Texas,Horizontal Oil,Producing,280.3,335.4,329.9,5657.81,397.12,68.18,2.59,19217.51,0,96.4,35.6,2
2025-01-27,W-016,Bakken Central,North Dakota,Oil & Gas,Producing,430.1,1459.3,451.6,6564.26,661.06,68.18,2.59,29777.78,1.7,92.9,33.0,6
2025-01-27,W-017,Bakken North,North Dakota,Horizontal Oil,Producing,198.6,666.8,234.5,4723.17,450.98,68.18,2.59,13746.85,1.4,91.3,34.2,11
2025-01-27,W-018,Delaware Basin,New Mexico,Horizontal Oil,Producing,511.4,1133.3,460.2,8639.55,251.82,68.18,2.59,35219.98,0.5,94.9,33.1,11
2025-01-28,W-001,Permian North,West Texas,Horizontal Oil,Producing,244.2,782.4,242.7,3808.93,336.54,69.04,2.49,17095.64,1.9,89.6,33.9,5
2025-01-28,W-002,Permian South,West Texas,Horizontal Oil,Producing,524.0,800.1,296.1,10798.06,291.03,69.04,2.49,36418.6,1.9,91.7,39.1,2
2025-01-28,W-003,Eagle Ford,South Texas,Horizontal Oil,Producing,426.4,849.0,413.3,8050.23,590.43,69.04,2.49,29690.39,0.8,94.4,31.4,7
2025-01-28,W-004,Bakken Central,North Dakota,Horizontal Oil,Producing,236.1,713.3,154.4,4807.17,488.3,69.04,2.49,16514.09,1.5,90.5,37.1,4
2025-01-28,W-005,Bakken North,North Dakota,Horizontal Oil,Producing,370.6,968.4,359.7,7009.26,393.08,69.04,2.49,25872.93,1.4,93.3,39.6,4
2025-01-28,W-006,Delaware Basin,New Mexico,Oil & Gas,Producing,304.3,957.5,186.8,5932.5,546.42,69.04,2.49,21295.47,1.3,95.2,38.1,8
2025-01-28,W-007,Permian North,West Texas,Horizontal Oil,Producing,626.6,1710.3,757.6,9373.05,156.31,69.04,2.49,43773.4,0.6,95.1,39.4,3
2025-01-28,W-008,Permian South,West Texas,Horizontal Oil,Producing,347.0,806.1,243.5,6345.15,600.26,69.04,2.49,24198.88,1.2,92.0,33.6,3
2025-01-28,W-009,Eagle Ford,South Texas,Horizontal Oil,Producing,236.8,317.9,251.2,4635.04,632.19,69.04,2.49,16441.62,0.7,97.5,35.6,2
2025-01-28,W-010,Bakken Central,North Dakota,Horizontal Oil,Producing,277.7,406.5,374.5,4977.46,352.12,69.04,2.49,19293.17,1.1,96.3,34.2,10
2025-01-28,W-011,Bakken North,North Dakota,Horizontal Oil,Producing,377.9,1080.0,338.0,7542.23,550.52,69.04,2.49,26414.63,1.5,91.0,37.4,8
2025-01-28,W-012,Delaware Basin,New Mexico,Oil & Gas,Producing,256.1,545.4,222.2,5887.15,576.61,69.04,2.49,17845.97,1.3,93.2,34.5,9
2025-01-28,W-013,Permian North,West Texas,Horizontal Oil,Producing,521.8,934.3,379.6,9722.51,757.55,69.04,2.49,36300.52,0.5,97.4,39.5,4
2025-01-28,W-014,Permian South,West Texas,Horizontal Oil,Producing,569.0,828.4,330.1,9214.91,393.67,69.04,2.49,39530.53,0,98.9,40.3,4
2025-01-28,W-015,Eagle Ford,South Texas,Horizontal Oil,Producing,315.8,414.2,274.7,7262.73,678.86,69.04,2.49,21928.22,0.5,97.9,35.6,2
2025-01-28,W-016,Bakken Central,North Dakota,Oil & Gas,Producing,411.6,1312.2,422.4,7000.5,561.03,69.04,2.49,28811.41,1.4,90.8,33.0,6
2025-01-28,W-017,Bakken North,North Dakota,Horizontal Oil,Maintenance,118.5,353.0,104.6,3488.76,6014.12,69.04,2.49,8285.47,17.4,54.6,34.2,11
2025-01-28,W-018,Delaware Basin,New Mexico,Horizontal Oil,Producing,448.5,1295.4,384.0,7096.86,531.94,69.04,2.49,31354.42,0,96.7,33.1,11
2025-01-29,W-001,Permian North,West Texas,Horizontal Oil,Maintenance,135.7,288.3,139.2,2828.63,6991.64,66.44,2.57,9102.5,16.6,53.9,33.9,5
2025-01-29,W-002,Permian South,West Texas,Horizontal Oil,Producing,498.8,1006.7,308.3,9243.06,204.3,66.44,2.57,33453.67,1.7,89.8,39.1,2
2025-01-29,W-003,Eagle Ford,South Texas,Horizontal Oil,Producing,413.9,1076.3,292.6,8342.12,297.0,66.44,2.57,27835.81,1.3,91.1,31.4,7
2025-01-29,W-004,Bakken Central,North Dakota,Horizontal Oil,Producing,253.1,669.6,225.0,4440.22,575.1,66.44,2.57,17026.4,0,96.1,37.1,4
2025-01-29,W-005,Bakken North,North Dakota,Horizontal Oil,Producing,363.2,914.2,487.4,6203.86,135.9,66.44,2.57,24411.44,2.4,90.1,39.6,4
2025-01-29,W-006,Delaware Basin,New Mexico,Oil & Gas,Producing,341.9,464.5,203.0,7772.27,795.0,66.44,2.57,22862.89,0,100,38.1,8
2025-01-29,W-007,Permian North,West Texas,Horizontal Oil,Maintenance,337.9,721.4,192.0,5685.02,5658.92,66.44,2.57,22671.45,15.9,54.2,39.4,3
2025-01-29,W-008,Permian South,West Texas,Horizontal Oil,Producing,324.7,902.3,215.3,6101.4,566.4,66.44,2.57,21853.89,1.8,91.9,33.6,3
2025-01-29,W-009,Eagle Ford,South Texas,Horizontal Oil,Producing,248.0,625.3,146.9,4827.43,410.92,66.44,2.57,16672.27,1.1,92.9,35.6,2
2025-01-29,W-010,Bakken Central,North Dakota,Horizontal Oil,Producing,289.9,895.0,163.8,6178.46,284.93,66.44,2.57,19534.93,1.4,92.2,34.2,10
2025-01-29,W-011,Bakken North,North Dakota,Horizontal Oil,Producing,412.8,958.8,288.6,7422.12,841.08,66.44,2.57,27724.17,1.4,90.5,37.4,8
2025-01-29,W-012,Delaware Basin,New Mexico,Oil & Gas,Producing,239.9,447.9,207.4,4135.54,381.53,66.44,2.57,16075.61,1.2,94.2,34.5,9
2025-01-29,W-013,Permian North,West Texas,Horizontal Oil,Producing,540.3,1371.9,676.9,10954.29,123.57,66.44,2.57,36319.57,1.7,91.8,39.5,4
2025-01-29,W-014,Permian South,West Texas,Horizontal Oil,Producing,484.7,1533.4,521.3,7386.02,868.48,66.44,2.57,32679.78,0.7,96.2,40.3,4
2025-01-29,W-015,Eagle Ford,South Texas,Horizontal Oil,Producing,277.5,924.8,354.6,5300.95,265.41,66.44,2.57,18726.39,0.9,93.1,35.6,2
2025-01-29,W-016,Bakken Central,North Dakota,Oil & Gas,Producing,427.6,1318.6,340.9,8034.3,208.2,66.44,2.57,28815.91,1.4,95.1,33.0,6
2025-01-29,W-017,Bakken North,North Dakota,Horizontal Oil,Producing,218.4,399.7,217.5,4630.65,354.08,66.44,2.57,14632.67,1.9,92.5,34.2,11
2025-01-29,W-018,Delaware Basin,New Mexico,Horizontal Oil,Producing,463.0,1446.5,408.0,8011.3,847.01,66.44,2.57,31208.45,2.3,90.8,33.1,11
2025-01-30,W-001,Permian North,West Texas,Horizontal Oil,Producing,249.6,625.9,190.6,4700.28,285.75,68.46,2.51,17277.08,1.2,94.5,33.9,5
2025-01-30,W-002,Permian South,West Texas,Horizontal Oil,Producing,573.3,1259.1,545.7,10736.07,399.17,68.46,2.51,39629.34,1.1,95.7,39.1,2
2025-01-30,W-003,Eagle Ford,South Texas,Horizontal Oil,Producing,385.4,1101.5,216.6,6680.39,693.89,68.46,2.51,26713.48,1.1,96.3,31.4,7
2025-01-30,W-004,Bakken Central,North Dakota,Horizontal Oil,Producing,239.7,774.7,320.8,5147.8,359.92,68.46,2.51,16640.82,1.2,93.4,37.1,4
2025-01-30,W-005,Bakken North,North Dakota,Horizontal Oil,Producing,378.1,746.7,302.6,7417.1,575.04,68.46,2.51,26110.05,0.6,96.2,39.6,4
2025-01-30,W-006,Delaware Basin,New Mexico,Oil & Gas,Producing,325.9,748.8,297.0,6347.35,896.67,68.46,2.51,22537.89,0.9,94.9,38.1,8
2025-01-30,W-007,Permian North,West Texas,Horizontal Oil,Producing,641.1,1635.2,377.9,10032.37,343.64,68.46,2.51,44385.36,0.7,97.2,39.4,3
2025-01-30,W-008,Permian South,West Texas,Horizontal Oil,Producing,347.7,872.8,206.4,6229.95,763.91,68.46,2.51,24067.68,0,98.3,33.6,3
2025-01-30,W-009,Eagle Ford,South Texas,Horizontal Oil,Producing,245.4,662.8,161.5,4847.36,243.1,68.46,2.51,16997.61,1.9,91.1,35.6,2
2025-01-30,W-010,Bakken Central,North Dakota,Horizontal Oil,Producing,264.4,567.4,198.4,5722.22,737.19,68.46,2.51,18275.24,1.7,92.5,34.2,10
2025-01-30,W-011,Bakken North,North Dakota,Horizontal Oil,Producing,378.0,871.3,324.1,7596.42,859.8,68.46,2.51,26142.39,1.5,91.8,37.4,8
2025-01-30,W-012,Delaware Basin,New Mexico,Oil & Gas,Producing,247.6,792.0,248.2,4806.96,795.05,68.46,2.51,17191.71,1.4,91.2,34.5,9
2025-01-30,W-013,Permian North,West Texas,Horizontal Oil,Producing,573.1,1218.5,602.4,8198.95,262.28,68.46,2.51,39599.06,0.2,98.3,39.5,4
2025-01-30,W-014,Permian South,West Texas,Horizontal Oil,Producing,503.4,1544.2,495.8,7882.02,290.3,68.46,2.51,34928.97,1.1,94.4,40.3,4
2025-01-30,W-015,Eagle Ford,South Texas,Horizontal Oil,Producing,305.6,508.1,301.9,6310.71,760.2,68.46,2.51,21072.36,0.5,94.2,35.6,2
2025-01-30,W-016,Bakken Central,North Dakota,Oil & Gas,Producing,425.1,503.5,524.2,8213.17,338.75,68.46,2.51,29256.71,1.0,96.4,33.0,6
2025-01-30,W-017,Bakken North,North Dakota,Horizontal Oil,Maintenance,119.5,316.2,124.2,3104.84,14703.27,68.46,2.51,8278.0,10.3,55.3,34.2,11
2025-01-30,W-018,Delaware Basin,New Mexico,Horizontal Oil,Producing,456.2,815.8,385.4,7442.08,441.86,68.46,2.51,31477.29,0,98.8,33.1,11
2025-01-31,W-001,Permian North,West Texas,Horizontal Oil,Producing,229.9,531.6,222.9,4945.5,187.44,64.61,2.5,15012.13,1.2,94.7,33.9,5
2025-01-31,W-002,Permian South,West Texas,Horizontal Oil,Producing,558.8,1815.1,748.3,9295.68,353.19,64.61,2.5,36649.22,1.7,91.6,39.1,2
2025-01-31,W-003,Eagle Ford,South Texas,Horizontal Oil,Producing,415.9,581.5,415.9,8016.69,494.0,64.61,2.5,27042.5,0.7,94.1,31.4,7
2025-01-31,W-004,Bakken Central,North Dakota,Horizontal Oil,Producing,247.4,285.8,259.9,4550.42,739.65,64.61,2.5,16070.32,0.2,100,37.1,4
2025-01-31,W-005,Bakken North,North Dakota,Horizontal Oil,Producing,362.5,866.1,384.3,5303.02,325.3,64.61,2.5,23682.21,0,100.0,39.6,4
2025-01-31,W-006,Delaware Basin,New Mexico,Oil & Gas,Producing,294.6,788.7,242.5,6177.81,123.29,64.61,2.5,19268.42,0.1,96.5,38.1,8
2025-01-31,W-007,Permian North,West Texas,Horizontal Oil,Producing,619.5,1639.7,794.8,11853.6,485.2,64.61,2.5,40519.03,0.8,95.8,39.4,3
2025-01-31,W-008,Permian South,West Texas,Horizontal Oil,Producing,368.3,755.7,421.3,7441.31,679.97,64.61,2.5,24019.11,0.1,97.2,33.6,3
2025-01-31,W-009,Eagle Ford,South Texas,Horizontal Oil,Producing,229.9,615.3,273.5,5197.66,875.69,64.61,2.5,15035.87,0.6,95.0,35.6,2
2025-01-31,W-010,Bakken Central,North Dakota,Horizontal Oil,Maintenance,168.6,512.3,169.8,3547.41,15901.2,64.61,2.5,11049.39,21.7,54.9,34.2,10
2025-01-31,W-011,Bakken North,North Dakota,Horizontal Oil,Producing,395.3,886.7,292.6,7523.93,272.91,64.61,2.5,25805.2,0.7,94.7,37.4,8
2025-01-31,W-012,Delaware Basin,New Mexico,Oil & Gas,Producing,252.9,730.7,323.9,4436.66,486.13,64.61,2.5,16559.99,1.0,94.4,34.5,9
2025-01-31,W-013,Permian North,West Texas,Horizontal Oil,Producing,509.0,1467.7,338.3,10346.41,850.42,64.61,2.5,33322.76,2.0,91.1,39.5,4
2025-01-31,W-014,Permian South,West Texas,Horizontal Oil,Producing,547.6,1181.0,613.8,9322.43,845.87,64.61,2.5,35734.24,0.2,98.6,40.3,4
2025-01-31,W-015,Eagle Ford,South Texas,Horizontal Oil,Producing,264.4,607.4,284.8,5106.15,349.71,64.61,2.5,17263.62,1.6,93.8,35.6,2
2025-01-31,W-016,Bakken Central,North Dakota,Oil & Gas,Producing,387.7,673.2,312.3,6373.13,219.46,64.61,2.5,25252.58,1.3,92.1,33.0,6
2025-01-31,W-017,Bakken North,North Dakota,Horizontal Oil,Maintenance,122.3,192.6,101.5,2421.07,13417.48,64.61,2.5,7956.73,14.5,53.6,34.2,11
2025-01-31,W-018,Delaware Basin,New Mexico,Horizontal Oil,Producing,441.4,935.9,288.7,8074.91,184.74,64.61,2.5,28798.09,1.8,89.0,33.1,11
2025-02-01,W-001,Permian North,West Texas,Horizontal Oil,Producing,245.2,741.4,272.1,4784.82,753.95,67.13,2.42,16677.98,1.0,95.4,33.9,5
2025-02-01,W-002,Permian South,West Texas,Horizontal Oil,Producing,608.6,1321.4,398.9,12313.44,474.62,67.13,2.42,41241.0,0,98.3,39.1,2
2025-02-01,W-003,Eagle Ford,South Texas,Horizontal Oil,Producing,449.8,976.3,330.8,7961.34,593.55,67.13,2.42,30478.69,0.3,99.3,31.4,7
2025-02-01,W-004,Bakken Central,North Dakota,Horizontal Oil,Producing,281.6,881.4,257.0,4475.6,381.15,67.13,2.42,19162.42,0.4,96.7,37.1,4
2025-02-01,W-005,Bakken North,North Dakota,Horizontal Oil,Producing,390.6,972.6,254.6,6491.88,737.41,67.13,2.42,26499.61,0,97.6,39.6,4
2025-02-01,W-006,Delaware Basin,New Mexico,Oil & Gas,Producing,303.3,622.0,317.5,6358.11,407.05,67.13,2.42,20540.84,1.1,93.2,38.1,8
2025-02-01,W-007,Permian North,West Texas,Horizontal Oil,Producing,670.0,1945.6,601.8,12584.37,288.92,67.13,2.42,45540.43,0,99.3,39.4,3
2025-02-01,W-008,Permian South,West Texas,Horizontal Oil,Producing,327.2,805.7,301.2,6657.88,240.94,67.13,2.42,22201.35,1.7,93.6,33.6,3
2025-02-01,W-009,Eagle Ford,South Texas,Horizontal Oil,Producing,227.9,677.4,266.0,4562.94,628.13,67.13,2.42,15494.29,0.4,94.8,35.6,2
2025-02-01,W-010,Bakken Central,North Dakota,Horizontal Oil,Producing,280.5,308.7,187.2,4713.39,411.99,67.13,2.42,18918.5,2.1,90.2,34.2,10
2025-02-01,W-011,Bakken North,North Dakota,Horizontal Oil,Producing,426.4,779.6,429.1,8548.34,854.67,67.13,2.42,28852.8,0,98.2,37.4,8
2025-02-01,W-012,Delaware Basin,New Mexico,Oil & Gas,Producing,225.0,757.8,196.5,3837.93,395.38,67.13,2.42,15320.83,0.6,96.3,34.5,9
2025-02-01,W-013,Permian North,West Texas,Horizontal Oil,Producing,546.5,1632.7,457.6,11020.22,288.19,67.13,2.42,37157.16,1.1,95.0,39.5,4
2025-02-01,W-014,Permian South,West Texas,Horizontal Oil,Producing,510.6,1201.9,551.5,8761.29,407.68,67.13,2.42,34627.51,0.5,98.5,40.3,4
2025-02-01,W-015,Eagle Ford,South Texas,Horizontal Oil,Producing,271.1,920.2,294.5,4395.66,112.57,67.13,2.42,18467.41,1.5,93.4,35.6,2
2025-02-01,W-016,Bakken Central,North Dakota,Oil & Gas,Producing,402.3,1036.8,355.1,7296.1,583.54,67.13,2.42,27308.03,0,98.1,33.0,6
2025-02-01,W-017,Bakken North,North Dakota,Horizontal Oil,Producing,206.6,489.5,188.0,3738.41,583.66,67.13,2.42,14008.41,1.7,91.9,34.2,11
2025-02-01,W-018,Delaware Basin,New Mexico,Horizontal Oil,Producing,465.5,1096.8,392.7,9790.35,663.91,67.13,2.42,31567.62,0.9,92.9,33.1,11
2025-02-02,W-001,Permian North,West Texas,Horizontal Oil,Producing,252.3,848.2,337.3,5297.09,162.59,67.66,2.28,17300.14,0.9,96.7,33.9,5
2025-02-02,W-002,Permian South,West Texas,Horizontal Oil,Producing,629.6,805.6,665.4,12023.51,142.22,67.66,2.28,42816.99,0,97.7,39.1,2
2025-02-02,W-003,Eagle Ford,South Texas,Horizontal Oil,Producing,419.5,956.1,388.2,8437.41,868.47,67.66,2.28,28645.51,1.0,95.8,31.4,7
2025-02-02,W-004,Bakken Central,North Dakota,Horizontal Oil,Producing,254.0,704.0,254.2,4176.02,235.26,67.66,2.28,17376.27,2.6,85.8,37.1,4
2025-02-02,W-005,Bakken North,North Dakota,Horizontal Oil,Producing,373.8,948.0,291.4,5912.09,781.16,67.66,2.28,25552.45,1.2,92.5,39.6,4
2025-02-02,W-006,Delaware Basin,New Mexico,Oil & Gas,Producing,290.6,394.2,200.4,5408.48,457.32,67.66,2.28,19768.59,0.5,98.0,38.1,8
2025-02-02,W-007,Permian North,West Texas,Horizontal Oil,Producing,614.7,1361.7,731.1,11705.1,167.52,67.66,2.28,41959.93,2.4,87.1,39.4,3
2025-02-02,W-008,Permian South,West Texas,Horizontal Oil,Producing,362.3,1040.6,268.3,6788.44,268.69,67.66,2.28,24800.82,1.3,94.3,33.6,3
2025-02-02,W-009,Eagle Ford,South Texas,Horizontal Oil,Producing,237.6,674.3,152.7,4300.63,341.09,67.66,2.28,16262.48,1.6,93.1,35.6,2
2025-02-02,W-010,Bakken Central,North Dakota,Horizontal Oil,Producing,311.2,682.1,207.3,5916.92,841.78,67.66,2.28,21243.73,0.0,98.2,34.2,10
2025-02-02,W-011,Bakken North,North Dakota,Horizontal Oil,Producing,435.5,1163.0,253.8,9056.94,864.95,67.66,2.28,29781.67,0.6,95.7,37.4,8
2025-02-02,W-012,Delaware Basin,New Mexico,Oil & Gas,Producing,229.0,303.6,245.8,4740.49,699.27,67.66,2.28,15574.34,1.3,94.3,34.5,9
2025-02-02,W-013,Permian North,West Texas,Horizontal Oil,Producing,520.7,976.9,573.9,8118.5,638.24,67.66,2.28,35497.74,0.2,99.3,39.5,4
2025-02-02,W-014,Permian South,West Texas,Horizontal Oil,Maintenance,413.9,879.8,300.3,6746.69,2867.36,67.66,2.28,28245.01,4.0,80.4,40.3,4
2025-02-02,W-015,Eagle Ford,South Texas,Horizontal Oil,Producing,331.3,850.6,369.9,5998.88,203.93,67.66,2.28,22647.98,0,99.3,35.6,2
2025-02-02,W-016,Bakken Central,North Dakota,Oil & Gas,Producing,438.3,1457.2,555.3,7915.53,473.56,67.66,2.28,30054.84,0,100,33.0,6
2025-02-02,W-017,Bakken North,North Dakota,Horizontal Oil,Producing,206.6,656.5,240.8,3674.83,159.2,67.66,2.28,14156.52,1.4,94.1,34.2,11
2025-02-02,W-018,Delaware Basin,New Mexico,Horizontal Oil,Producing,467.5,578.9,614.6,7659.15,493.38,67.66,2.28,31792.42,0.5,98.5,33.1,11
2025-02-03,W-001,Permian North,West Texas,Horizontal Oil,Producing,224.2,578.3,287.0,4367.91,158.34,64.19,2.4,14557.43,1.6,92.3,33.9,5
2025-02-03,W-002,Permian South,West Texas,Horizontal Oil,Producing,532.9,1685.1,356.6,10403.46,631.68,64.19,2.4,34695.35,1.9,89.6,39.1,2
2025-02-03,W-003,Eagle Ford,South Texas,Horizontal Oil,Producing,410.3,1338.4,386.8,7919.06,724.75,64.19,2.4,26725.73,1.7,92.8,31.4,7
2025-02-03,W-004,Bakken Central,North Dakota,Horizontal Oil,Producing,248.1,817.5,298.8,4810.16,848.03,64.19,2.4,16163.17,0.2,97.0,37.1,4
2025-02-03,W-005,Bakken North,North Dakota,Horizontal Oil,Producing,403.4,527.9,394.4,8022.82,467.71,64.19,2.4,26048.41,0,99.8,39.6,4
2025-02-03,W-006,Delaware Basin,New Mexico,Oil & Gas,Producing,286.9,341.5,246.0,5188.97,817.17,64.19,2.4,18513.96,1.5,93.0,38.1,8
2025-02-03,W-007,Permian North,West Texas,Horizontal Oil,Producing,635.9,904.1,448.0,11787.35,491.39,64.19,2.4,41078.53,1.8,89.1,39.4,3
2025-02-03,W-008,Permian South,West Texas,Horizontal Oil,Producing,322.0,749.7,392.0,6536.23,129.63,64.19,2.4,20887.89,1.4,90.7,33.6,3
2025-02-03,W-009,Eagle Ford,South Texas,Horizontal Oil,Producing,248.7,655.4,228.0,5742.67,219.16,64.19,2.4,16155.39,1.2,94.0,35.6,2
2025-02-03,W-010,Bakken Central,North Dakota,Horizontal Oil,Producing,266.7,380.2,286.2,5424.25,136.64,64.19,2.4,17230.39,0.9,95.8,34.2,10
2025-02-03,W-011,Bakken North,North Dakota,Horizontal Oil,Producing,385.7,1128.2,352.9,6358.89,754.24,64.19,2.4,25080.89,0.9,92.9,37.4,8
2025-02-03,W-012,Delaware Basin,New Mexico,Oil & Gas,Producing,254.2,408.5,303.4,5215.1,885.75,64.19,2.4,16433.06,1.0,95.3,34.5,9
2025-02-03,W-013,Permian North,West Texas,Horizontal Oil,Producing,481.1,1454.6,569.8,9312.23,368.4,64.19,2.4,31299.04,1.8,89.4,39.5,4
2025-02-03,W-014,Permian South,West Texas,Horizontal Oil,Producing,512.3,1384.0,508.6,9410.64,132.56,64.19,2.4,33285.12,0.6,94.1,40.3,4
2025-02-03,W-015,Eagle Ford,South Texas,Horizontal Oil,Producing,282.4,626.9,156.8,4653.16,621.4,64.19,2.4,18308.25,0,100,35.6,2
2025-02-03,W-016,Bakken Central,North Dakota,Oil & Gas,Producing,456.6,1313.5,504.0,7286.27,518.47,64.19,2.4,29686.15,0,98.1,33.0,6
2025-02-03,W-017,Bakken North,North Dakota,Horizontal Oil,Producing,204.9,461.0,268.5,4648.59,378.28,64.19,2.4,13287.08,0.6,93.6,34.2,11
2025-02-03,W-018,Delaware Basin,New Mexico,Horizontal Oil,Producing,446.4,1035.4,279.7,7941.54,531.78,64.19,2.4,28953.86,0.7,94.3,33.1,11
2025-02-04,W-001,Permian North,West Texas,Horizontal Oil,Producing,246.4,820.1,229.1,4511.27,134.49,64.96,2.25,16228.52,1.3,93.8,33.9,5
2025-02-04,W-002,Permian South,West Texas,Horizontal Oil,Producing,527.5,985.9,629.9,9807.9,692.33,64.96,2.25,34532.57,2.1,91.8,39.1,2
2025-02-04,W-003,Eagle Ford,South Texas,Horizontal Oil,Producing,394.8,1246.9,444.9,7544.52,259.0,64.96,2.25,25977.95,1.0,95.2,31.4,7
2025-02-04,W-004,Bakken Central,North Dakota,Horizontal Oil,Producing,286.7,530.4,180.2,6125.48,400.43,64.96,2.25,18765.26,0,97.1,37.1,4
2025-02-04,W-005,Bakken North,North Dakota,Horizontal Oil,Producing,351.7,1137.4,321.4,5902.05,675.86,64.96,2.25,23151.5,0,99.2,39.6,4
2025-02-04,W-006,Delaware Basin,New Mexico,Oil & Gas,Producing,294.9,410.6,325.5,4503.63,781.32,64.96,2.25,19263.73,1.0,94.2,38.1,8
2025-02-04,W-007,Permian North,West Texas,Horizontal Oil,Producing,673.1,1962.8,713.8,11553.83,876.11,64.96,2.25,44253.09,0,100,39.4,3
2025-02-04,W-008,Permian South,West Texas,Horizontal Oil,Producing,341.1,758.9,459.3,6975.07,323.34,64.96,2.25,22358.69,2.2,90.5,33.6,3
2025-02-04,W-009,Eagle Ford,South Texas,Horizontal Oil,Producing,243.9,768.7,249.7,4537.16,104.06,64.96,2.25,16053.36,0.8,97.5,35.6,2
2025-02-04,W-010,Bakken Central,North Dakota,Horizontal Oil,Maintenance,173.2,204.0,168.9,3908.47,15230.02,64.96,2.25,11308.2,11.4,54.0,34.2,10
2025-02-04,W-011,Bakken North,North Dakota,Horizontal Oil,Producing,392.6,443.1,445.8,7850.02,336.63,64.96,2.25,25623.62,1.5,93.0,37.4,8
2025-02-04,W-012,Delaware Basin,New Mexico,Oil & Gas,Producing,260.2,799.7,298.7,4311.44,717.47,64.96,2.25,17118.15,0.1,100.0,34.5,9
2025-02-04,W-013,Permian North,West Texas,Horizontal Oil,Producing,560.5,1094.1,516.5,10497.23,156.56,64.96,2.25,36704.78,0.9,96.7,39.5,4
2025-02-04,W-014,Permian South,West Texas,Horizontal Oil,Producing,478.5,1567.5,470.8,9797.15,164.77,64.96,2.25,31502.1,1.6,93.7,40.3,4
2025-02-04,W-015,Eagle Ford,South Texas,Horizontal Oil,Producing,272.8,893.3,297.3,5766.9,392.47,64.96,2.25,17963.34,1.0,95.0,35.6,2
2025-02-04,W-016,Bakken Central,North Dakota,Oil & Gas,Producing,380.3,1038.7,271.4,7590.74,190.85,64.96,2.25,24980.03,1.3,93.1,33.0,6
2025-02-04,W-017,Bakken North,North Dakota,Horizontal Oil,Producing,209.6,692.9,150.4,4317.72,382.17,64.96,2.25,13800.85,1.7,90.4,34.2,11
2025-02-04,W-018,Delaware Basin,New Mexico,Horizontal Oil,Producing,463.4,1027.9,450.1,7465.95,642.65,64.96,2.25,30376.74,0.8,95.4,33.1,11
2025-02-05,W-001,Permian North,West Texas,Horizontal Oil,Producing,250.5,741.4,326.3,4621.3,466.3,64.86,2.36,16455.87,1.9,88.8,33.9,5
2025-02-05,W-002,Permian South,West Texas,Horizontal Oil,Producing,539.3,935.4,597.3,9971.95,516.55,64.86,2.36,35242.78,0.3,97.9,39.1,2
2025-02-05,W-003,Eagle Ford,South Texas,Horizontal Oil,Producing,423.0,992.0,277.3,7481.0,615.75,64.86,2.36,27716.84,2.7,86.5,31.4,7
2025-02-05,W-004,Bakken Central,North Dakota,Horizontal Oil,Producing,280.1,723.3,246.3,5141.42,361.05,64.86,2.36,18371.21,1.2,94.0,37.1,4
2025-02-05,W-005,Bakken North,North Dakota,Horizontal Oil,Producing,390.0,828.4,309.4,6524.92,237.39,64.86,2.36,25531.17,0.4,95.7,39.6,4
2025-02-05,W-006,Delaware Basin,New Mexico,Oil & Gas,Producing,273.2,522.3,249.9,5185.0,669.45,64.86,2.36,17865.85,2.1,88.9,38.1,8
2025-02-05,W-007,Permian North,West Texas,Horizontal Oil,Producing,685.8,1847.1,742.7,9941.3,132.92,64.86,2.36,45003.4,0.5,95.6,39.4,3
2025-02-05,W-008,Permian South,West Texas,Horizontal Oil,Producing,346.0,408.3,278.1,6063.48,531.89,64.86,2.36,22560.84,0.8,93.6,33.6,3
2025-02-05,W-009,Eagle Ford,South Texas,Horizontal Oil,Producing,252.6,512.9,239.9,4538.84,356.17,64.86,2.36,16531.09,1.3,90.8,35.6,2
2025-02-05,W-010,Bakken Central,North Dakota,Horizontal Oil,Producing,292.5,640.6,228.7,6687.37,558.98,64.86,2.36,19153.81,1.5,90.7,34.2,10
2025-02-05,W-011,Bakken North,North Dakota,Horizontal Oil,Producing,430.9,912.2,474.6,8751.09,211.54,64.86,2.36,28209.18,0.7,95.9,37.4,8
2025-02-05,W-012,Delaware Basin,New Mexico,Oil & Gas,Producing,250.4,328.7,148.7,5258.92,277.72,64.86,2.36,16335.31,0,100,34.5,9
2025-02-05,W-013,Permian North,West Texas,Horizontal Oil,Producing,473.9,1108.2,429.5,8420.91,509.43,64.86,2.36,31053.77,1.7,90.1,39.5,4
2025-02-05,W-014,Permian South,West Texas,Horizontal Oil,Producing,571.3,1103.0,381.9,11240.38,398.26,64.86,2.36,37371.71,0,97.4,40.3,4
2025-02-05,W-015,Eagle Ford,South Texas,Horizontal Oil,Producing,333.6,1037.6,206.8,6907.85,894.08,64.86,2.36,21929.3,0,100,35.6,2
2025-02-05,W-016,Bakken Central,North Dakota,Oil & Gas,Producing,402.1,1271.2,266.0,6899.34,266.23,64.86,2.36,26438.57,1.5,92.2,33.0,6
2025-02-05,W-017,Bakken North,North Dakota,Horizontal Oil,Producing,241.2,302.0,317.9,4739.12,427.57,64.86,2.36,15731.83,0,100,34.2,11
2025-02-05,W-018,Delaware Basin,New Mexico,Horizontal Oil,Producing,514.3,727.7,359.4,8812.52,133.79,64.86,2.36,33564.03,0,100,33.1,11
2025-02-06,W-001,Permian North,West Texas,Horizontal Oil,Producing,249.3,289.6,137.6,4965.11,767.39,62.9,2.44,15765.28,0.2,97.5,33.9,5
2025-02-06,W-002,Permian South,West Texas,Horizontal Oil,Producing,550.7,1477.0,410.7,8273.49,895.47,62.9,2.44,35070.5,1.4,90.7,39.1,2
2025-02-06,W-003,Eagle Ford,South Texas,Horizontal Oil,Producing,442.1,1061.4,550.2,8599.28,655.4,62.9,2.44,28117.45,0.3,95.4,31.4,7
2025-02-06,W-004,Bakken Central,North Dakota,Horizontal Oil,Producing,258.3,318.9,208.1,5133.81,230.65,62.9,2.44,16340.84,0,97.4,37.1,4
2025-02-06,W-005,Bakken North,North Dakota,Horizontal Oil,Producing,399.8,767.0,312.6,7766.24,511.09,62.9,2.44,25369.14,0.1,99.4,39.6,4
2025-02-06,W-006,Delaware Basin,New Mexico,Oil & Gas,Producing,301.2,935.8,364.9,5904.61,648.35,62.9,2.44,19221.71,1.9,91.6,38.1,8
2025-02-06,W-007,Permian North,West Texas,Horizontal Oil,Producing,629.6,1884.8,352.8,10700.34,487.92,62.9,2.44,40153.13,1.5,91.6,39.4,3
2025-02-06,W-008,Permian South,West Texas,Horizontal Oil,Producing,320.7,491.8,406.5,6676.35,520.52,62.9,2.44,20316.47,1.2,93.7,33.6,3
2025-02-06,W-009,Eagle Ford,South Texas,Horizontal Oil,Producing,248.4,338.3,228.1,4730.59,838.73,62.9,2.44,15722.14,1.1,93.9,35.6,2
2025-02-06,W-010,Bakken Central,North Dakota,Horizontal Oil,Producing,321.7,796.2,373.5,5798.44,123.01,62.9,2.44,20471.11,0,100,34.2,10
2025-02-06,W-011,Bakken North,North Dakota,Horizontal Oil,Producing,405.8,579.2,296.7,6061.51,162.88,62.9,2.44,25693.45,1.9,91.6,37.4,8
2025-02-06,W-012,Delaware Basin,New Mexico,Oil & Gas,Producing,242.1,289.9,154.0,5274.62,147.41,62.9,2.44,15310.48,2.0,88.5,34.5,9
2025-02-06,W-013,Permian North,West Texas,Horizontal Oil,Producing,484.6,1277.1,559.0,9752.3,264.32,62.9,2.44,30854.72,1.4,94.6,39.5,4
2025-02-06,W-014,Permian South,West Texas,Horizontal Oil,Producing,551.9,1802.8,722.5,8953.3,500.51,62.9,2.44,35245.03,0.6,97.2,40.3,4
2025-02-06,W-015,Eagle Ford,South Texas,Horizontal Oil,Producing,298.0,395.8,301.8,4692.42,253.24,62.9,2.44,18861.94,1.1,92.9,35.6,2
2025-02-06,W-016,Bakken Central,North Dakota,Oil & Gas,Producing,405.0,644.9,386.2,7513.95,571.5,62.9,2.44,25666.19,0,98.2,33.0,6
2025-02-06,W-017,Bakken North,North Dakota,Horizontal Oil,Producing,208.1,398.7,177.7,3625.0,190.28,62.9,2.44,13206.0,0.3,99.7,34.2,11
2025-02-06,W-018,Delaware Basin,New Mexico,Horizontal Oil,Producing,491.7,1337.8,489.6,7219.17,192.58,62.9,2.44,31318.0,1.1,93.0,33.1,11
2025-02-07,W-001,Permian North,West Texas,Horizontal Oil,Producing,246.6,585.4,192.9,5036.35,155.69,64.2,2.29,15990.68,0.4,98.5,33.9,5
2025-02-07,W-002,Permian South,West Texas,Horizontal Oil,Producing,620.1,1383.4,393.2,10821.43,168.0,64.2,2.29,40192.18,0.6,94.3,39.1,2
2025-02-07,W-003,Eagle Ford,South Texas,Horizontal Oil,Producing,443.1,591.1,571.8,9192.35,880.17,64.2,2.29,28612.27,0.3,96.5,31.4,7
2025-02-07,W-004,Bakken Central,North Dakota,Horizontal Oil,Producing,275.7,763.0,213.0,5615.19,318.38,64.2,2.29,17906.96,1.2,95.0,37.1,4
2025-02-07,W-005,Bakken North,North Dakota,Horizontal Oil,Producing,356.6,782.6,368.2,6361.08,323.11,64.2,2.29,23110.87,0.8,96.5,39.6,4
2025-02-07,W-006,Delaware Basin,New Mexico,Oil & Gas,Producing,321.0,452.5,202.1,4765.18,642.49,64.2,2.29,20734.38,0.8,97.5,38.1,8
2025-02-07,W-007,Permian North,West Texas,Horizontal Oil,Producing,634.9,921.5,665.1,8880.23,701.29,64.2,2.29,41016.16,1.7,92.8,39.4,3
2025-02-07,W-008,Permian South,West Texas,Horizontal Oil,Producing,336.5,572.6,277.5,7166.18,862.06,64.2,2.29,21758.47,1.2,91.4,33.6,3
2025-02-07,W-009,Eagle Ford,South Texas,Horizontal Oil,Producing,246.1,487.9,197.3,4809.94,126.29,64.2,2.29,15935.46,1.9,91.0,35.6,2
2025-02-07,W-010,Bakken Central,North Dakota,Horizontal Oil,Producing,296.4,417.8,332.8,5090.48,640.02,64.2,2.29,19146.41,0.4,97.6,34.2,10
2025-02-07,W-011,Bakken North,North Dakota,Horizontal Oil,Producing,385.7,846.6,475.8,6945.91,495.75,64.2,2.29,24997.77,2.0,92.4,37.4,8
2025-02-07,W-012,Delaware Basin,New Mexico,Oil & Gas,Producing,245.4,285.8,143.8,5234.43,693.65,64.2,2.29,15832.3,0,96.1,34.5,9
2025-02-07,W-013,Permian North,West Texas,Horizontal Oil,Producing,482.5,638.8,398.6,7917.64,628.99,64.2,2.29,31154.42,2.6,86.7,39.5,4
2025-02-07,W-014,Permian South,West Texas,Horizontal Oil,Producing,495.2,892.1,406.1,7262.53,468.73,64.2,2.29,32038.93,0,100,40.3,4
2025-02-07,W-015,Eagle Ford,South Texas,Horizontal Oil,Producing,330.1,565.5,365.3,7093.66,402.19,64.2,2.29,21346.4,0,98.0,35.6,2
2025-02-07,W-016,Bakken Central,North Dakota,Oil & Gas,Producing,431.4,807.9,410.8,8064.94,591.86,64.2,2.29,27919.76,0.9,94.1,33.0,6
2025-02-07,W-017,Bakken North,North Dakota,Horizontal Oil,Producing,218.3,665.6,257.5,4903.68,329.88,64.2,2.29,14198.13,0.5,94.2,34.2,11
2025-02-07,W-018,Delaware Basin,New Mexico,Horizontal Oil,Producing,507.6,665.8,622.0,7603.68,153.82,64.2,2.29,32773.94,0.3,98.8,33.1,11
2025-02-08,W-001,Permian North,West Texas,Horizontal Oil,Producing,250.2,448.9,298.5,4817.14,260.06,64.08,2.28,16156.16,0.9,94.3,33.9,5
2025-02-08,W-002,Permian South,West Texas,Horizontal Oil,Producing,554.5,633.7,617.0,11173.15,270.36,64.08,2.28,35711.27,0,100,39.1,2
2025-02-08,W-003,Eagle Ford,South Texas,Horizontal Oil,Producing,417.8,1360.2,407.9,8437.74,446.98,64.08,2.28,27147.81,1.2,93.9,31.4,7
2025-02-08,W-004,Bakken Central,North Dakota,Horizontal Oil,Producing,258.0,373.1,283.4,4551.62,354.92,64.08,2.28,16636.99,0.0,100,37.1,4
2025-02-08,W-005,Bakken North,North Dakota,Horizontal Oil,Producing,346.2,709.2,418.5,6482.6,580.99,64.08,2.28,22380.46,0.7,95.2,39.6,4
2025-02-08,W-006,Delaware Basin,New Mexico,Oil & Gas,Producing,329.1,713.4,328.4,6221.43,129.6,64.08,2.28,21286.02,1.0,92.8,38.1,8
2025-02-08,W-007,Permian North,West Texas,Horizontal Oil,Producing,599.1,1766.1,645.2,9473.41,871.03,64.08,2.28,38874.98,1.4,92.7,39.4,3
2025-02-08,W-008,Permian South,West Texas,Horizontal Oil,Maintenance,181.4,450.5,225.6,4252.03,8133.23,64.08,2.28,11748.09,19.2,54.6,33.6,3
2025-02-08,W-009,Eagle Ford,South Texas,Horizontal Oil,Producing,214.9,291.7,244.5,5144.75,763.19,64.08,2.28,13852.6,2.0,92.4,35.6,2
2025-02-08,W-010,Bakken Central,North Dakota,Horizontal Oil,Producing,284.5,891.8,210.7,4996.53,363.43,64.08,2.28,18477.3,0.4,97.3,34.2,10
2025-02-08,W-011,Bakken North,North Dakota,Horizontal Oil,Producing,396.9,568.2,273.9,8282.33,303.44,64.08,2.28,25587.84,0.8,95.6,37.4,8
2025-02-08,W-012,Delaware Basin,New Mexico,Oil & Gas,Producing,245.9,806.9,197.5,4955.14,870.65,64.08,2.28,15977.18,0.2,99.6,34.5,9
2025-02-08,W-013,Permian North,West Texas,Horizontal Oil,Producing,587.3,674.5,777.2,10816.84,629.78,64.08,2.28,37819.09,0,100,39.5,4
2025-02-08,W-014,Permian South,West Texas,Horizontal Oil,Producing,519.7,858.1,515.6,9142.19,390.28,64.08,2.28,33536.78,1.8,92.6,40.3,4
2025-02-08,W-015,Eagle Ford,South Texas,Horizontal Oil,Producing,279.2,891.5,241.4,6192.37,172.2,64.08,2.28,18139.4,1.9,92.2,35.6,2
2025-02-08,W-016,Bakken Central,North Dakota,Oil & Gas,Producing,414.0,1303.1,531.1,7988.05,713.39,64.08,2.28,26888.86,0,98.0,33.0,6
2025-02-08,W-017,Bakken North,North Dakota,Horizontal Oil,Maintenance,129.6,422.8,120.1,3301.14,13619.48,64.08,2.28,8418.91,19.3,55.2,34.2,11
2025-02-08,W-018,Delaware Basin,New Mexico,Horizontal Oil,Producing,465.7,889.1,480.4,9493.3,462.61,64.08,2.28,30086.06,1.4,90.5,33.1,11
2025-02-09,W-001,Permian North,West Texas,Horizontal Oil,Producing,252.9,357.3,220.1,4927.9,165.79,60.68,2.52,15451.38,1.2,91.9,33.9,5
2025-02-09,W-002,Permian South,West Texas,Horizontal Oil,Producing,554.6,1690.5,609.3,10676.96,482.69,60.68,2.52,34163.49,2.3,90.1,39.1,2
2025-02-09,W-003,Eagle Ford,South Texas,Horizontal Oil,Producing,447.3,1342.5,532.1,7406.04,245.51,60.68,2.52,27545.0,0.5,98.3,31.4,7
2025-02-09,W-004,Bakken Central,North Dakota,Horizontal Oil,Producing,281.0,905.7,300.0,5884.44,879.3,60.68,2.52,17323.84,1.2,92.1,37.1,4
2025-02-09,W-005,Bakken North,North Dakota,Horizontal Oil,Producing,348.7,705.3,311.5,5541.64,394.34,60.68,2.52,21373.17,0.4,99.1,39.6,4
2025-02-09,W-006,Delaware Basin,New Mexico,Oil & Gas,Producing,340.1,729.1,370.4,5796.79,252.44,60.68,2.52,20857.67,0.6,97.8,38.1,8
2025-02-09,W-007,Permian North,West Texas,Horizontal Oil,Producing,640.0,1431.5,418.7,12388.96,896.17,60.68,2.52,39267.49,0,97.4,39.4,3
2025-02-09,W-008,Permian South,West Texas,Horizontal Oil,Producing,332.4,587.6,252.5,6956.53,395.71,60.68,2.52,20348.95,0.1,99.0,33.6,3
2025-02-09,W-009,Eagle Ford,South Texas,Horizontal Oil,Producing,217.6,306.1,176.0,5029.49,670.67,60.68,2.52,13296.83,1.2,94.6,35.6,2
2025-02-09,W-010,Bakken Central,North Dakota,Horizontal Oil,Producing,270.3,504.2,199.4,6250.86,851.46,60.68,2.52,16551.32,0.8,97.5,34.2,10
2025-02-09,W-011,Bakken North,North Dakota,Horizontal Oil,Producing,412.3,496.7,310.4,7556.11,415.76,60.68,2.52,25167.22,1.2,93.0,37.4,8
2025-02-09,W-012,Delaware Basin,New Mexico,Oil & Gas,Producing,243.2,549.2,314.7,5038.77,353.85,60.68,2.52,14920.53,0,98.7,34.5,9
2025-02-09,W-013,Permian North,West Texas,Horizontal Oil,Producing,512.0,615.2,334.0,10412.26,698.26,60.68,2.52,31251.03,0.4,99.0,39.5,4
2025-02-09,W-014,Permian South,West Texas,Horizontal Oil,Producing,522.4,891.6,418.1,10423.69,895.65,60.68,2.52,31967.87,1.6,93.2,40.3,4
2025-02-09,W-015,Eagle Ford,South Texas,Horizontal Oil,Producing,328.0,856.9,389.9,5106.23,283.89,60.68,2.52,20163.52,0.0,96.2,35.6,2
2025-02-09,W-016,Bakken Central,North Dakota,Oil & Gas,Producing,461.0,1490.1,268.6,7822.2,488.16,60.68,2.52,28420.3,0.6,96.0,33.0,6
2025-02-09,W-017,Bakken North,North Dakota,Horizontal Oil,Producing,237.4,328.7,148.4,4927.23,234.64,60.68,2.52,14505.28,0,98.5,34.2,11
2025-02-09,W-018,Delaware Basin,New Mexico,Horizontal Oil,Producing,468.0,1560.7,454.3,8518.26,161.47,60.68,2.52,28868.47,1.6,93.2,33.1,11
2025-02-10,W-001,Permian North,West Texas,Horizontal Oil,Maintenance,143.9,288.7,147.1,3956.67,4883.52,61.54,2.24,8931.83,15.6,53.0,33.9,5
2025-02-10,W-002,Permian South,West Texas,Horizontal Oil,Producing,603.5,1294.1,793.1,10491.69,875.82,61.54,2.24,37485.07,0,99.3,39.1,2
2025-02-10,W-003,Eagle Ford,South Texas,Horizontal Oil,Producing,456.9,1508.5,459.3,7216.13,614.92,61.54,2.24,28519.64,0.2,96.8,31.4,7
2025-02-10,W-004,Bakken Central,North Dakota,Horizontal Oil,Producing,233.6,768.3,199.7,4086.96,872.04,61.54,2.24,14579.83,2.0,92.0,37.1,4
2025-02-10,W-005,Bakken North,North Dakota,Horizontal Oil,Producing,376.1,660.2,433.3,6859.76,492.68,61.54,2.24,23322.71,1.1,93.7,39.6,4
2025-02-10,W-006,Delaware Basin,New Mexico,Oil & Gas,Producing,309.9,829.2,203.0,6545.77,510.12,61.54,2.24,19294.69,0.4,96.8,38.1,8
2025-02-10,W-007,Permian North,West Texas,Horizontal Oil,Producing,655.9,1862.6,786.3,11548.15,440.81,61.54,2.24,40861.89,0,96.2,39.4,3
2025-02-10,W-008,Permian South,West Texas,Horizontal Oil,Producing,338.7,547.2,372.2,5680.14,603.65,61.54,2.24,20987.79,1.0,94.5,33.6,3
2025-02-10,W-009,Eagle Ford,South Texas,Horizontal Oil,Producing,249.2,359.3,162.6,6074.92,518.47,61.54,2.24,15433.45,0,97.5,35.6,2
2025-02-10,W-010,Bakken Central,North Dakota,Horizontal Oil,Maintenance,238.4,321.3,212.2,4213.66,11311.41,61.54,2.24,14756.89,3.5,83.1,34.2,10
2025-02-10,W-011,Bakken North,North Dakota,Horizontal Oil,Producing,362.7,819.0,232.6,6712.99,245.77,61.54,2.24,22541.02,1.5,91.8,37.4,8
2025-02-10,W-012,Delaware Basin,New Mexico,Oil & Gas,Producing,243.6,522.8,264.6,4800.62,873.38,61.54,2.24,15130.03,1.3,94.9,34.5,9
2025-02-10,W-013,Permian North,West Texas,Horizontal Oil,Producing,521.0,1468.2,538.3,9842.94,527.5,61.54,2.24,32454.33,0.3,94.8,39.5,4
2025-02-10,W-014,Permian South,West Texas,Horizontal Oil,Producing,526.1,1629.9,695.8,9716.95,594.8,61.54,2.24,32812.8,1.2,95.8,40.3,4
2025-02-10,W-015,Eagle Ford,South Texas,Horizontal Oil,Producing,297.6,799.7,257.7,5140.55,111.1,61.54,2.24,18526.48,1.6,90.1,35.6,2
2025-02-10,W-016,Bakken Central,North Dakota,Oil & Gas,Maintenance,254.7,402.7,272.2,5028.14,12203.92,61.54,2.24,15779.03,21.4,55.0,33.0,6
2025-02-10,W-017,Bakken North,North Dakota,Horizontal Oil,Producing,218.0,250.7,148.8,4155.67,871.09,61.54,2.24,13480.28,0.5,96.3,34.2,11
2025-02-10,W-018,Delaware Basin,New Mexico,Horizontal Oil,Producing,468.5,732.3,471.1,8915.01,106.3,61.54,2.24,29027.31,1.6,92.5,33.1,11
2025-02-11,W-001,Permian North,West Texas,Horizontal Oil,Producing,248.8,440.2,233.9,4927.37,589.2,61.85,2.02,15497.59,0.7,96.5,33.9,5
2025-02-11,W-002,Permian South,West Texas,Horizontal Oil,Producing,586.7,1609.2,570.7,9899.7,150.81,61.85,2.02,36677.51,0,100,39.1,2
2025-02-11,W-003,Eagle Ford,South Texas,Horizontal Oil,Producing,476.5,904.3,528.0,7165.27,253.76,61.85,2.02,29693.24,0,97.7,31.4,7
2025-02-11,W-004,Bakken Central,North Dakota,Horizontal Oil,Producing,251.1,801.2,206.2,5307.12,625.57,61.85,2.02,15723.64,1.0,92.6,37.1,4
2025-02-11,W-005,Bakken North,North Dakota,Horizontal Oil,Producing,393.0,1040.6,447.0,8156.19,775.63,61.85,2.02,24556.28,0.3,97.9,39.6,4
2025-02-11,W-006,Delaware Basin,New Mexico,Oil & Gas,Producing,339.9,895.3,222.0,5854.0,180.72,61.85,2.02,21237.92,0,98.1,38.1,8
2025-02-11,W-007,Permian North,West Texas,Horizontal Oil,Producing,598.3,683.1,750.7,9419.03,762.36,61.85,2.02,37169.84,0.6,98.0,39.4,3
2025-02-11,W-008,Permian South,West Texas,Horizontal Oil,Maintenance,303.3,764.4,196.1,5082.89,7775.03,61.85,2.02,18944.57,3.3,84.3,33.6,3
2025-02-11,W-009,Eagle Ford,South Texas,Horizontal Oil,Producing,252.1,432.4,169.1,5462.11,635.59,61.85,2.02,15696.64,1.3,94.1,35.6,2
2025-02-11,W-010,Bakken Central,North Dakota,Horizontal Oil,Producing,320.5,434.4,203.4,6359.32,857.91,61.85,2.02,19929.56,0,100,34.2,10
2025-02-11,W-011,Bakken North,North Dakota,Horizontal Oil,Maintenance,353.4,1096.7,452.0,5590.46,9343.53,61.85,2.02,22125.38,4.1,81.7,37.4,8
2025-02-11,W-012,Delaware Basin,New Mexico,Oil & Gas,Producing,225.7,584.2,184.6,4416.76,451.29,61.85,2.02,14102.02,1.1,93.6,34.5,9
2025-02-11,W-013,Permian North,West Texas,Horizontal Oil,Producing,524.8,1186.8,324.4,8987.05,388.51,61.85,2.02,32744.3,0.8,96.0,39.5,4
2025-02-11,W-014,Permian South,West Texas,Horizontal Oil,Producing,506.2,1047.8,370.8,9938.95,427.45,61.85,2.02,31562.48,2.3,88.9,40.3,4
2025-02-11,W-015,Eagle Ford,South Texas,Horizontal Oil,Producing,273.1,391.8,152.4,6462.41,167.82,61.85,2.02,16985.42,1.0,93.5,35.6,2
2025-02-11,W-016,Bakken Central,North Dakota,Oil & Gas,Producing,409.8,508.7,474.3,7752.65,822.01,61.85,2.02,25470.56,0.1,95.9,33.0,6
2025-02-11,W-017,Bakken North,North Dakota,Horizontal Oil,Producing,219.8,391.4,191.6,4736.17,343.46,61.85,2.02,13691.91,0.5,97.6,34.2,11
2025-02-11,W-018,Delaware Basin,New Mexico,Horizontal Oil,Producing,453.5,790.7,440.9,9537.12,456.95,61.85,2.02,28240.66,0,97.0,33.1,11
2025-02-12,W-001,Permian North,West Texas,Horizontal Oil,Producing,263.1,534.1,186.2,4301.01,367.59,59.97,2.29,15921.82,0.3,98.4,33.9,5
2025-02-12,W-002,Permian South,West Texas,Horizontal Oil,Producing,550.8,1862.4,428.0,8458.76,517.07,59.97,2.29,33540.89,0,99.8,39.1,2
2025-02-12,W-003,Eagle Ford,South Texas,Horizontal Oil,Producing,409.3,677.5,478.6,8801.96,188.35,59.97,2.29,24733.6,2.2,87.5,31.4,7
2025-02-12,W-004,Bakken Central,North Dakota,Horizontal Oil,Producing,269.6,516.4,158.6,4959.83,338.37,59.97,2.29,16311.73,1.0,95.5,37.1,4
2025-02-12,W-005,Bakken North,North Dakota,Horizontal Oil,Producing,370.8,890.3,469.3,7125.82,576.44,59.97,2.29,22483.64,2.2,88.8,39.6,4
2025-02-12,W-006,Delaware Basin,New Mexico,Oil & Gas,Producing,333.6,915.3,362.9,6730.68,298.11,59.97,2.29,20254.57,0.6,95.2,38.1,8
2025-02-12,W-007,Permian North,West Texas,Horizontal Oil,Producing,591.5,1618.7,717.3,8246.52,810.81,59.97,2.29,35915.78,1.1,93.9,39.4,3
2025-02-12,W-008,Permian South,West Texas,Horizontal Oil,Producing,346.7,801.1,353.9,6471.03,310.95,59.97,2.29,21013.83,0.1,98.1,33.6,3
2025-02-12,W-009,Eagle Ford,South Texas,Horizontal Oil,Producing,250.1,835.0,302.4,4170.73,668.92,59.97,2.29,15228.69,0,96.6,35.6,2
2025-02-12,W-010,Bakken Central,North Dakota,Horizontal Oil,Producing,301.8,413.9,217.3,5783.1,855.26,59.97,2.29,18210.7,1.5,91.7,34.2,10
2025-02-12,W-011,Bakken North,North Dakota,Horizontal Oil,Producing,388.6,938.6,226.3,6139.13,892.82,59.97,2.29,23564.68,0.1,97.1,37.4,8
2025-02-12,W-012,Delaware Basin,New Mexico,Oil & Gas,Producing,263.4,375.9,269.2,4831.56,811.25,59.97,2.29,15901.72,0.3,95.9,34.5,9
2025-02-12,W-013,Permian North,West Texas,Horizontal Oil,Producing,534.9,1659.3,472.9,9591.2,820.23,59.97,2.29,32533.89,0.4,98.2,39.5,4
2025-02-12,W-014,Permian South,West Texas,Horizontal Oil,Producing,538.6,1342.9,624.6,9576.03,459.94,59.97,2.29,32670.55,0.8,95.0,40.3,4
2025-02-12,W-015,Eagle Ford,South Texas,Horizontal Oil,Producing,317.5,648.3,233.7,6045.94,866.46,59.97,2.29,19217.16,0.1,100,35.6,2
2025-02-12,W-016,Bakken Central,North Dakota,Oil & Gas,Producing,408.6,1263.3,455.9,7675.97,665.92,59.97,2.29,24851.65,2.1,90.2,33.0,6
2025-02-12,W-017,Bakken North,North Dakota,Horizontal Oil,Producing,225.6,547.5,133.6,4317.44,480.67,59.97,2.29,13680.55,0.3,99.2,34.2,11
2025-02-12,W-018,Delaware Basin,New Mexico,Horizontal Oil,Producing,519.1,785.6,293.4,9863.61,664.49,59.97,2.29,31347.26,0.6,97.9,33.1,11
2025-02-13,W-001,Permian North,West Texas,Horizontal Oil,Producing,263.3,303.7,236.9,5306.72,353.91,60.03,2.43,15896.52,0.6,94.9,33.9,5
2025-02-13,W-002,Permian South,West Texas,Horizontal Oil,Producing,527.9,784.9,351.2,8220.31,345.44,60.03,2.43,31921.36,0.9,94.4,39.1,2
2025-02-13,W-003,Eagle Ford,South Texas,Horizontal Oil,Producing,403.0,497.5,347.4,7072.73,359.37,60.03,2.43,24337.91,0.3,96.7,31.4,7
2025-02-13,W-004,Bakken Central,North Dakota,Horizontal Oil,Producing,254.5,398.5,293.1,4987.84,701.91,60.03,2.43,15395.67,0.3,96.7,37.1,4
2025-02-13,W-005,Bakken North,North Dakota,Horizontal Oil,Producing,346.3,766.6,303.4,6249.21,315.33,60.03,2.43,21015.11,1.6,94.1,39.6,4
2025-02-13,W-006,Delaware Basin,New Mexico,Oil & Gas,Producing,298.0,708.0,351.1,5261.89,167.13,60.03,2.43,18096.71,1.1,94.6,38.1,8
2025-02-13,W-007,Permian North,West Texas,Horizontal Oil,Producing,673.2,1951.5,659.8,11538.78,461.39,60.03,2.43,40985.84,1.6,89.6,39.4,3
2025-02-13,W-008,Permian South,West Texas,Horizontal Oil,Producing,367.0,647.9,487.3,6160.49,485.75,60.03,2.43,22224.02,0.6,96.5,33.6,3
2025-02-13,W-009,Eagle Ford,South Texas,Horizontal Oil,Producing,253.2,619.3,242.6,4667.38,550.47,60.03,2.43,15381.18,0.3,96.3,35.6,2
2025-02-13,W-010,Bakken Central,North Dakota,Horizontal Oil,Producing,268.4,381.4,267.1,4660.8,588.36,60.03,2.43,16223.71,1.3,95.3,34.2,10
2025-02-13,W-011,Bakken North,North Dakota,Horizontal Oil,Producing,392.2,1110.5,357.8,7019.55,373.3,60.03,2.43,23870.86,0.5,96.3,37.4,8
2025-02-13,W-012,Delaware Basin,New Mexico,Oil & Gas,Producing,232.3,625.2,247.9,3941.41,821.16,60.03,2.43,14128.66,0.1,98.9,34.5,9
2025-02-13,W-013,Permian North,West Texas,Horizontal Oil,Producing,540.1,1262.6,637.2,9432.03,124.76,60.03,2.43,32791.23,1.8,92.6,39.5,4
2025-02-13,W-014,Permian South,West Texas,Horizontal Oil,Producing,553.2,1057.7,664.0,10809.84,241.75,60.03,2.43,33520.4,0.0,99.8,40.3,4
2025-02-13,W-015,Eagle Ford,South Texas,Horizontal Oil,Producing,309.8,657.6,225.3,4925.36,837.12,60.03,2.43,18791.79,1.7,90.9,35.6,2
2025-02-13,W-016,Bakken Central,North Dakota,Oil & Gas,Producing,430.8,774.4,484.4,6865.1,390.4,60.03,2.43,26090.69,0.8,94.2,33.0,6
2025-02-13,W-017,Bakken North,North Dakota,Horizontal Oil,Producing,206.3,616.4,178.8,4760.52,495.21,60.03,2.43,12562.28,0.7,95.9,34.2,11
2025-02-13,W-018,Delaware Basin,New Mexico,Horizontal Oil,Producing,495.2,1321.8,496.2,7139.73,152.04,60.03,2.43,30111.93,0.3,96.1,33.1,11
2025-02-14,W-001,Permian North,West Texas,Horizontal Oil,Producing,252.4,853.6,278.8,4715.51,548.09,62.07,2.32,15907.1,0.9,94.6,33.9,5
2025-02-14,W-002,Permian South,West Texas,Horizontal Oil,Producing,595.9,1947.9,352.4,12061.29,896.09,62.07,2.32,37530.18,0.3,96.2,39.1,2
2025-02-14,W-003,Eagle Ford,South Texas,Horizontal Oil,Producing,462.0,1447.4,337.1,7858.34,459.09,62.07,2.32,29081.64,0.1,95.6,31.4,7
2025-02-14,W-004,Bakken Central,North Dakota,Horizontal Oil,Producing,245.4,592.7,140.0,5548.53,439.06,62.07,2.32,15398.58,1.0,92.4,37.1,4
2025-02-14,W-005,Bakken North,North Dakota,Horizontal Oil,Producing,366.2,484.3,342.0,7508.75,601.04,62.07,2.32,22865.07,1.2,92.8,39.6,4
2025-02-14,W-006,Delaware Basin,New Mexico,Oil & Gas,Producing,287.0,473.1,236.1,4588.94,735.29,62.07,2.32,17949.14,1.4,94.8,38.1,8
2025-02-14,W-007,Permian North,West Texas,Horizontal Oil,Producing,680.9,1655.5,421.1,9292.03,350.62,62.07,2.32,42724.52,0,100,39.4,3
2025-02-14,W-008,Permian South,West Texas,Horizontal Oil,Producing,334.0,1073.4,301.7,6048.21,152.63,62.07,2.32,21029.43,0,99.4,33.6,3
2025-02-14,W-009,Eagle Ford,South Texas,Horizontal Oil,Producing,227.8,644.5,167.7,5046.06,108.49,62.07,2.32,14317.36,0.6,95.5,35.6,2
2025-02-14,W-010,Bakken Central,North Dakota,Horizontal Oil,Producing,301.7,761.5,247.9,6641.6,463.26,62.07,2.32,18938.16,1.6,91.1,34.2,10
2025-02-14,W-011,Bakken North,North Dakota,Horizontal Oil,Producing,359.6,1048.5,253.5,6926.74,305.03,62.07,2.32,22614.82,1.7,91.2,37.4,8
2025-02-14,W-012,Delaware Basin,New Mexico,Oil & Gas,Producing,237.4,393.9,281.9,3926.29,448.68,62.07,2.32,14845.33,1.4,94.9,34.5,9
2025-02-14,W-013,Permian North,West Texas,Horizontal Oil,Producing,580.7,835.6,462.8,9321.85,106.47,62.07,2.32,36276.65,0.2,98.1,39.5,4
2025-02-14,W-014,Permian South,West Texas,Horizontal Oil,Producing,449.5,1018.7,547.5,9094.51,256.33,62.07,2.32,28184.81,2.3,87.7,40.3,4
2025-02-14,W-015,Eagle Ford,South Texas,Horizontal Oil,Producing,306.1,826.0,408.9,6055.29,562.73,62.07,2.32,19233.29,1.0,96.6,35.6,2
2025-02-14,W-016,Bakken Central,North Dakota,Oil & Gas,Producing,429.7,633.0,392.5,7799.48,275.52,62.07,2.32,26847.17,0.1,95.6,33.0,6
2025-02-14,W-017,Bakken North,North Dakota,Horizontal Oil,Producing,206.2,575.3,270.6,4257.96,264.25,62.07,2.32,12961.26,0.9,93.3,34.2,11
2025-02-14,W-018,Delaware Basin,New Mexico,Horizontal Oil,Producing,446.2,566.5,256.1,6794.67,255.52,62.07,2.32,27857.06,1.9,91.1,33.1,11
2025-02-15,W-001,Permian North,West Texas,Horizontal Oil,Maintenance,180.4,565.8,203.0,3677.27,5267.39,63.5,2.33,11614.34,6.0,72.1,33.9,5
2025-02-15,W-002,Permian South,West Texas,Horizontal Oil,Producing,584.7,1152.8,689.9,9365.58,344.06,63.5,2.33,37455.96,0.9,93.6,39.1,2
2025-02-15,W-003,Eagle Ford,South Texas,Horizontal Oil,Producing,443.5,1447.9,590.6,10072.13,802.71,63.5,2.33,28569.27,0.7,93.5,31.4,7
2025-02-15,W-004,Bakken Central,North Dakota,Horizontal Oil,Producing,238.6,469.9,202.6,5240.48,295.64,63.5,2.33,15281.7,2.1,87.8,37.1,4
2025-02-15,W-005,Bakken North,North Dakota,Horizontal Oil,Producing,356.1,830.2,420.7,5755.51,736.49,63.5,2.33,22843.54,0.1,99.9,39.6,4
2025-02-15,W-006,Delaware Basin,New Mexico,Oil & Gas,Producing,279.6,360.0,259.1,5265.65,506.89,63.5,2.33,17858.56,2.4,89.8,38.1,8
2025-02-15,W-007,Permian North,West Texas,Horizontal Oil,Producing,654.2,1469.8,602.8,10314.42,655.61,63.5,2.33,41955.22,0.5,97.5,39.4,3
2025-02-15,W-008,Permian South,West Texas,Horizontal Oil,Producing,371.4,907.5,215.2,5989.26,790.53,63.5,2.33,23842.3,0.7,95.1,33.6,3
2025-02-15,W-009,Eagle Ford,South Texas,Horizontal Oil,Producing,249.9,603.4,324.5,4956.81,207.46,63.5,2.33,16040.65,1.6,90.0,35.6,2
2025-02-15,W-010,Bakken Central,North Dakota,Horizontal Oil,Producing,299.4,757.1,266.7,5400.0,743.6,63.5,2.33,19226.37,0.2,96.8,34.2,10
2025-02-15,W-011,Bakken North,North Dakota,Horizontal Oil,Producing,367.3,601.6,391.7,6019.05,774.08,63.5,2.33,23494.37,1.7,91.6,37.4,8
2025-02-15,W-012,Delaware Basin,New Mexico,Oil & Gas,Producing,225.4,284.9,130.8,3846.12,363.39,63.5,2.33,14390.52,1.2,92.6,34.5,9
2025-02-15,W-013,Permian North,West Texas,Horizontal Oil,Producing,577.2,999.2,643.3,12169.19,701.91,63.5,2.33,36932.82,0,99.7,39.5,4
2025-02-15,W-014,Permian South,West Texas,Horizontal Oil,Producing,532.3,1544.4,464.8,9268.65,624.25,63.5,2.33,34237.97,1.5,92.2,40.3,4
2025-02-15,W-015,Eagle Ford,South Texas,Horizontal Oil,Producing,313.8,452.9,272.4,5860.06,479.55,63.5,2.33,20055.27,0.8,95.3,35.6,2
2025-02-15,W-016,Bakken Central,North Dakota,Oil & Gas,Producing,418.7,1223.1,335.1,6861.11,658.35,63.5,2.33,26928.99,0.9,93.4,33.0,6
2025-02-15,W-017,Bakken North,North Dakota,Horizontal Oil,Producing,226.7,444.7,229.4,4481.22,107.74,63.5,2.33,14518.35,0,100,34.2,11
2025-02-15,W-018,Delaware Basin,New Mexico,Horizontal Oil,Producing,503.8,1021.6,590.9,8907.22,118.59,63.5,2.33,32279.97,0.4,98.3,33.1,11
2025-02-16,W-001,Permian North,West Texas,Horizontal Oil,Producing,241.3,615.0,249.1,5263.35,884.14,65.3,2.44,15938.43,0.6,94.6,33.9,5
2025-02-16,W-002,Permian South,West Texas,Horizontal Oil,Producing,543.7,1310.3,495.5,10600.1,183.45,65.3,2.44,35890.5,0.3,97.5,39.1,2
2025-02-16,W-003,Eagle Ford,South Texas,Horizontal Oil,Maintenance,244.2,373.5,147.9,5515.58,6112.11,65.3,2.44,16058.13,15.8,54.6,31.4,7
2025-02-16,W-004,Bakken Central,North Dakota,Horizontal Oil,Producing,247.8,568.2,170.4,5199.9,225.63,65.3,2.44,16351.86,0.7,93.7,37.1,4
2025-02-16,W-005,Bakken North,North Dakota,Horizontal Oil,Producing,398.8,1232.6,260.8,6463.65,667.74,65.3,2.44,26401.92,0.5,96.3,39.6,4
2025-02-16,W-006,Delaware Basin,New Mexico,Oil & Gas,Producing,340.0,833.4,323.7,6535.39,105.95,65.3,2.44,22447.13,0.8,93.5,38.1,8
2025-02-16,W-007,Permian North,West Texas,Horizontal Oil,Producing,670.5,2141.3,840.4,11308.48,689.83,65.3,2.44,44411.99,0,97.4,39.4,3
2025-02-16,W-008,Permian South,West Texas,Horizontal Oil,Producing,329.4,892.9,368.7,5959.45,747.99,65.3,2.44,21772.01,1.7,90.0,33.6,3
2025-02-16,W-009,Eagle Ford,South Texas,Horizontal Oil,Producing,229.7,733.9,160.1,4768.15,856.55,65.3,2.44,15216.72,1.9,89.5,35.6,2
2025-02-16,W-010,Bakken Central,North Dakota,Horizontal Oil,Producing,292.2,743.5,228.9,6351.88,677.93,65.3,2.44,19299.75,0.0,97.1,34.2,10
2025-02-16,W-011,Bakken North,North Dakota,Horizontal Oil,Producing,419.9,535.8,266.3,8077.38,460.75,65.3,2.44,27576.38,1.8,90.0,37.4,8
2025-02-16,W-012,Delaware Basin,New Mexico,Oil & Gas,Producing,244.8,310.5,270.6,5125.2,696.77,65.3,2.44,16075.78,0.8,96.9,34.5,9
2025-02-16,W-013,Permian North,West Texas,Horizontal Oil,Producing,569.9,1055.7,654.8,9350.1,538.74,65.3,2.44,37527.97,1.2,92.4,39.5,4
2025-02-16,W-014,Permian South,West Texas,Horizontal Oil,Producing,488.6,1459.5,597.7,7324.1,180.41,65.3,2.44,32335.8,0.8,94.2,40.3,4
2025-02-16,W-015,Eagle Ford,South Texas,Horizontal Oil,Producing,316.9,842.2,213.2,5636.79,127.56,65.3,2.44,20939.19,0.6,96.9,35.6,2
2025-02-16,W-016,Bakken Central,North Dakota,Oil & Gas,Producing,434.0,1312.5,520.5,8169.08,817.61,65.3,2.44,28727.67,1.0,93.9,33.0,6
2025-02-16,W-017,Bakken North,North Dakota,Horizontal Oil,Producing,226.2,648.0,292.5,4108.09,173.11,65.3,2.44,14962.44,0.9,94.4,34.2,11
2025-02-16,W-018,Delaware Basin,New Mexico,Horizontal Oil,Producing,467.0,720.1,506.8,7966.95,737.54,65.3,2.44,30707.82,0.8,96.8,33.1,11
2025-02-17,W-001,Permian North,West Texas,Horizontal Oil,Producing,242.7,372.8,173.7,5262.0,196.64,64.58,2.46,15784.9,1.4,91.4,33.9,5
2025-02-17,W-002,Permian South,West Texas,Horizontal Oil,Producing,529.7,1072.5,425.3,9052.05,152.81,64.58,2.46,34520.21,1.2,95.1,39.1,2
2025-02-17,W-003,Eagle Ford,South Texas,Horizontal Oil,Producing,413.2,741.1,425.2,8660.52,528.95,64.58,2.46,26902.75,0.6,98.4,31.4,7
2025-02-17,W-004,Bakken Central,North Dakota,Horizontal Oil,Producing,250.0,826.4,257.5,5701.23,642.32,64.58,2.46,16387.06,1.0,96.7,37.1,4
2025-02-17,W-005,Bakken North,North Dakota,Horizontal Oil,Producing,399.6,731.8,492.0,7047.23,586.83,64.58,2.46,26019.48,0.2,98.1,39.6,4
2025-02-17,W-006,Delaware Basin,New Mexico,Oil & Gas,Producing,310.1,506.9,316.3,6562.48,593.08,64.58,2.46,20176.08,1.8,92.9,38.1,8
2025-02-17,W-007,Permian North,West Texas,Horizontal Oil,Producing,661.8,819.2,562.3,10101.66,263.51,64.58,2.46,42977.48,0.7,93.4,39.4,3
2025-02-17,W-008,Permian South,West Texas,Horizontal Oil,Producing,363.4,1190.3,414.8,6195.14,614.88,64.58,2.46,23818.66,0,99.8,33.6,3
2025-02-17,W-009,Eagle Ford,South Texas,Horizontal Oil,Producing,223.2,257.7,274.0,4169.61,531.45,64.58,2.46,14488.41,1.9,92.6,35.6,2
2025-02-17,W-010,Bakken Central,North Dakota,Horizontal Oil,Producing,283.8,760.9,319.5,5372.84,357.31,64.58,2.46,18551.81,0.6,95.8,34.2,10
2025-02-17,W-011,Bakken North,North Dakota,Horizontal Oil,Maintenance,213.4,329.2,225.7,3581.6,3922.27,64.58,2.46,13878.75,19.4,54.4,37.4,8
2025-02-17,W-012,Delaware Basin,New Mexico,Oil & Gas,Producing,223.8,619.5,178.9,4587.52,241.15,64.58,2.46,14637.71,1.3,92.0,34.5,9
2025-02-17,W-013,Permian North,West Texas,Horizontal Oil,Producing,541.6,1387.4,415.6,9888.3,878.04,64.58,2.46,35381.97,0.6,95.5,39.5,4
2025-02-17,W-014,Permian South,West Texas,Horizontal Oil,Producing,560.6,1596.9,675.9,10486.28,405.14,64.58,2.46,36670.96,0,100,40.3,4
2025-02-17,W-015,Eagle Ford,South Texas,Horizontal Oil,Producing,318.3,785.9,214.0,6446.18,470.92,64.58,2.46,20788.15,1.1,93.8,35.6,2
2025-02-17,W-016,Bakken Central,North Dakota,Oil & Gas,Producing,401.0,873.8,270.2,5871.74,500.56,64.58,2.46,26150.98,0.6,97.1,33.0,6
2025-02-17,W-017,Bakken North,North Dakota,Horizontal Oil,Producing,235.0,766.9,311.8,4488.55,612.84,64.58,2.46,15404.97,0.6,96.5,34.2,11
2025-02-17,W-018,Delaware Basin,New Mexico,Horizontal Oil,Producing,434.7,1043.6,306.6,7458.09,830.47,64.58,2.46,28378.25,2.6,88.8,33.1,11
2025-02-18,W-001,Permian North,West Texas,Horizontal Oil,Producing,256.1,665.1,330.7,5074.18,127.61,65.4,2.27,16929.68,0.7,97.1,33.9,5
2025-02-18,W-002,Permian South,West Texas,Horizontal Oil,Producing,600.5,1021.5,549.1,11012.99,581.72,65.4,2.27,39547.52,0.2,99.9,39.1,2
2025-02-18,W-003,Eagle Ford,South Texas,Horizontal Oil,Producing,408.4,1173.4,435.2,8690.46,568.93,65.4,2.27,27027.23,0,100,31.4,7
2025-02-18,W-004,Bakken Central,North Dakota,Horizontal Oil,Producing,278.7,468.7,220.7,6159.18,406.23,65.4,2.27,18356.48,1.1,93.1,37.1,4
2025-02-18,W-005,Bakken North,North Dakota,Horizontal Oil,Producing,375.9,1042.5,233.5,7471.15,375.51,65.4,2.27,24864.48,1.6,90.3,39.6,4
2025-02-18,W-006,Delaware Basin,New Mexico,Oil & Gas,Producing,297.1,1001.2,357.4,4360.4,657.05,65.4,2.27,19700.16,1.5,92.5,38.1,8
2025-02-18,W-007,Permian North,West Texas,Horizontal Oil,Producing,680.6,1015.7,578.3,12080.2,245.59,65.4,2.27,44783.6,0.5,98.6,39.4,3
2025-02-18,W-008,Permian South,West Texas,Horizontal Oil,Producing,316.9,481.8,366.8,5990.69,427.03,65.4,2.27,20857.0,1.0,95.0,33.6,3
2025-02-18,W-009,Eagle Ford,South Texas,Horizontal Oil,Producing,264.1,391.4,207.2,4910.86,373.72,65.4,2.27,17378.96,0.3,97.7,35.6,2
2025-02-18,W-010,Bakken Central,North Dakota,Horizontal Oil,Producing,274.5,776.6,152.6,5790.39,177.47,65.4,2.27,18162.93,0.6,96.1,34.2,10
2025-02-18,W-011,Bakken North,North Dakota,Horizontal Oil,Maintenance,249.7,711.8,323.5,4705.05,9156.53,65.4,2.27,16521.07,14.1,53.8,37.4,8
2025-02-18,W-012,Delaware Basin,New Mexico,Oil & Gas,Producing,271.2,807.9,353.3,5440.45,145.79,65.4,2.27,17956.86,0.5,95.7,34.5,9
2025-02-18,W-013,Permian North,West Texas,Horizontal Oil,Producing,543.5,1504.5,685.1,8349.13,795.2,65.4,2.27,35955.68,1.5,91.3,39.5,4
2025-02-18,W-014,Permian South,West Texas,Horizontal Oil,Producing,537.5,1046.8,561.6,10084.93,430.5,65.4,2.27,35438.48,1.3,91.7,40.3,4
2025-02-18,W-015,Eagle Ford,South Texas,Horizontal Oil,Producing,259.5,500.4,152.2,5596.79,455.44,65.4,2.27,17106.8,2.2,90.0,35.6,2
2025-02-18,W-016,Bakken Central,North Dakota,Oil & Gas,Producing,439.8,566.0,392.4,9226.35,889.5,65.4,2.27,28911.97,0.4,98.6,33.0,6
2025-02-18,W-017,Bakken North,North Dakota,Horizontal Oil,Producing,206.9,295.8,199.9,4686.77,503.71,65.4,2.27,13614.21,0.7,93.8,34.2,11
2025-02-18,W-018,Delaware Basin,New Mexico,Horizontal Oil,Producing,478.7,1267.7,473.5,9334.69,457.03,65.4,2.27,31651.79,0.1,96.2,33.1,11
2025-02-19,W-001,Permian North,West Texas,Horizontal Oil,Producing,229.6,482.2,257.7,4519.35,822.12,64.14,2.35,14860.46,0.8,96.5,33.9,5
2025-02-19,W-002,Permian South,West Texas,Horizontal Oil,Producing,566.8,1244.3,718.7,8364.08,527.63,64.14,2.35,36702.64,0,99.6,39.1,2
2025-02-19,W-003,Eagle Ford,South Texas,Horizontal Oil,Producing,474.7,1358.9,489.2,9111.27,673.95,64.14,2.35,30830.71,0.2,98.8,31.4,7
2025-02-19,W-004,Bakken Central,North Dakota,Horizontal Oil,Producing,283.5,678.1,350.0,5543.36,192.55,64.14,2.35,18371.76,0,96.4,37.1,4
2025-02-19,W-005,Bakken North,North Dakota,Horizontal Oil,Producing,383.0,523.5,323.3,8269.23,561.53,64.14,2.35,24709.78,0.7,93.2,39.6,4
2025-02-19,W-006,Delaware Basin,New Mexico,Oil & Gas,Producing,329.8,1005.4,440.0,5715.6,643.44,64.14,2.35,21438.55,0,100.0,38.1,8
2025-02-19,W-007,Permian North,West Texas,Horizontal Oil,Producing,648.7,1516.7,595.8,10115.01,769.77,64.14,2.35,42035.17,0.3,97.3,39.4,3
2025-02-19,W-008,Permian South,West Texas,Horizontal Oil,Producing,356.5,511.8,385.8,7558.53,579.1,64.14,2.35,23010.46,0.5,95.5,33.6,3
2025-02-19,W-009,Eagle Ford,South Texas,Horizontal Oil,Producing,231.4,509.0,280.6,4997.94,401.37,64.14,2.35,14982.12,2.7,89.6,35.6,2
2025-02-19,W-010,Bakken Central,North Dakota,Horizontal Oil,Producing,285.4,452.3,324.3,6057.38,142.05,64.14,2.35,18435.69,2.7,89.0,34.2,10
2025-02-19,W-011,Bakken North,North Dakota,Horizontal Oil,Producing,454.1,1187.9,558.0,9507.47,369.93,64.14,2.35,29457.82,0.0,99.4,37.4,8
2025-02-19,W-012,Delaware Basin,New Mexico,Oil & Gas,Producing,256.6,513.1,249.5,4912.94,256.07,64.14,2.35,16604.53,0.9,96.5,34.5,9
2025-02-19,W-013,Permian North,West Texas,Horizontal Oil,Producing,528.6,1560.2,650.1,9815.04,230.96,64.14,2.35,34341.72,1.7,89.8,39.5,4
2025-02-19,W-014,Permian South,West Texas,Horizontal Oil,Producing,481.4,689.8,348.8,9659.25,107.31,64.14,2.35,31068.58,1.8,92.2,40.3,4
2025-02-19,W-015,Eagle Ford,South Texas,Horizontal Oil,Producing,292.9,962.3,261.1,6873.97,176.84,64.14,2.35,19054.8,0,100,35.6,2
2025-02-19,W-016,Bakken Central,North Dakota,Oil & Gas,Producing,405.5,1360.3,433.9,7851.69,601.58,64.14,2.35,26390.88,0,98.0,33.0,6
2025-02-19,W-017,Bakken North,North Dakota,Horizontal Oil,Maintenance,161.0,431.8,211.4,3544.24,13222.82,64.14,2.35,10445.51,6.8,71.6,34.2,11
2025-02-19,W-018,Delaware Basin,New Mexico,Horizontal Oil,Producing,487.3,844.5,522.7,7928.89,166.11,64.14,2.35,31494.29,1.1,93.9,33.1,11
2025-02-20,W-001,Permian North,West Texas,Horizontal Oil,Maintenance,142.3,246.1,163.1,3138.21,10004.97,61.75,2.38,8857.85,13.5,54.6,33.9,5
2025-02-20,W-002,Permian South,West Texas,Horizontal Oil,Producing,598.9,795.7,359.8,12369.23,247.91,61.75,2.38,37206.61,0,100,39.1,2
2025-02-20,W-003,Eagle Ford,South Texas,Horizontal Oil,Maintenance,246.9,732.8,232.3,5170.7,13563.11,61.75,2.38,15454.31,13.1,55.0,31.4,7
2025-02-20,W-004,Bakken Central,North Dakota,Horizontal Oil,Producing,285.9,433.2,294.2,4859.12,740.41,61.75,2.38,17776.29,0.8,93.4,37.1,4
2025-02-20,W-005,Bakken North,North Dakota,Horizontal Oil,Producing,359.9,529.3,359.9,6935.16,883.94,61.75,2.38,22372.86,0,98.5,39.6,4
2025-02-20,W-006,Delaware Basin,New Mexico,Oil & Gas,Producing,353.0,388.4,279.0,7564.46,726.24,61.75,2.38,21908.93,0,99.3,38.1,8
2025-02-20,W-007,Permian North,West Texas,Horizontal Oil,Producing,661.2,1784.4,640.1,13028.54,530.57,61.75,2.38,41337.56,0.6,94.6,39.4,3
2025-02-20,W-008,Permian South,West Texas,Horizontal Oil,Producing,324.9,581.4,395.1,7207.9,272.83,61.75,2.38,20229.47,1.0,93.7,33.6,3
2025-02-20,W-009,Eagle Ford,South Texas,Horizontal Oil,Producing,254.0,322.9,191.5,5386.03,420.05,61.75,2.38,15777.15,0.3,95.2,35.6,2
2025-02-20,W-010,Bakken Central,North Dakota,Horizontal Oil,Producing,306.6,387.1,348.4,6747.77,254.1,61.75,2.38,19045.34,0,97.9,34.2,10
2025-02-20,W-011,Bakken North,North Dakota,Horizontal Oil,Producing,416.8,1038.4,369.2,7142.07,446.9,61.75,2.38,26033.12,1.4,90.5,37.4,8
2025-02-20,W-012,Delaware Basin,New Mexico,Oil & Gas,Producing,226.6,535.0,136.6,4639.68,366.81,61.75,2.38,14145.01,1.2,92.5,34.5,9
2025-02-20,W-013,Permian North,West Texas,Horizontal Oil,Producing,512.9,575.8,436.9,10271.4,184.0,61.75,2.38,31836.64,1.0,96.4,39.5,4
2025-02-20,W-014,Permian South,West Texas,Horizontal Oil,Producing,553.0,1231.1,538.2,10879.87,541.23,61.75,2.38,34502.02,0.7,96.1,40.3,4
2025-02-20,W-015,Eagle Ford,South Texas,Horizontal Oil,Producing,293.1,960.3,252.5,5767.59,874.4,61.75,2.38,18370.24,0.1,98.2,35.6,2
2025-02-20,W-016,Bakken Central,North Dakota,Oil & Gas,Producing,389.1,436.5,373.9,5748.61,403.04,61.75,2.38,24151.61,1.3,94.3,33.0,6
2025-02-20,W-017,Bakken North,North Dakota,Horizontal Oil,Maintenance,133.9,365.1,100.3,3391.01,5338.12,61.75,2.38,8371.9,16.5,55.5,34.2,11
2025-02-20,W-018,Delaware Basin,New Mexico,Horizontal Oil,Producing,496.4,860.9,442.9,10570.93,751.22,61.75,2.38,30897.35,0.1,97.1,33.1,11
2025-02-21,W-001,Permian North,West Texas,Horizontal Oil,Producing,230.4,640.4,300.9,3666.17,694.73,68.53,2.25,15965.61,0.7,95.9,33.9,5
2025-02-21,W-002,Permian South,West Texas,Horizontal Oil,Producing,601.0,1991.1,534.4,10858.19,483.72,68.53,2.25,41726.86,1.1,94.1,39.1,2
2025-02-21,W-003,Eagle Ford,South Texas,Horizontal Oil,Producing,408.1,1027.3,521.8,8557.0,662.07,68.53,2.25,28243.93,1.7,92.7,31.4,7
2025-02-21,W-004,Bakken Central,North Dakota,Horizontal Oil,Producing,288.4,948.0,348.6,6054.03,587.35,68.53,2.25,20021.57,0,99.0,37.1,4
2025-02-21,W-005,Bakken North,North Dakota,Horizontal Oil,Producing,380.6,615.8,232.2,7755.66,861.99,68.53,2.25,26253.62,0.0,98.1,39.6,4
2025-02-21,W-006,Delaware Basin,New Mexico,Oil & Gas,Producing,321.2,436.9,411.5,5624.72,713.13,68.53,2.25,22127.93,0,96.6,38.1,8
2025-02-21,W-007,Permian North,West Texas,Horizontal Oil,Producing,676.7,1629.6,489.9,11128.89,614.38,68.53,2.25,46813.87,0.7,97.2,39.4,3
2025-02-21,W-008,Permian South,West Texas,Horizontal Oil,Maintenance,201.1,447.0,167.8,4182.04,7985.34,68.53,2.25,13900.14,11.3,52.8,33.6,3
2025-02-21,W-009,Eagle Ford,South Texas,Horizontal Oil,Producing,225.7,432.3,142.4,4281.18,511.45,68.53,2.25,15583.13,1.3,91.5,35.6,2
2025-02-21,W-010,Bakken Central,North Dakota,Horizontal Oil,Producing,309.2,500.9,267.9,5260.3,245.75,68.53,2.25,21326.61,0.3,98.8,34.2,10
2025-02-21,W-011,Bakken North,North Dakota,Horizontal Oil,Producing,401.6,1217.2,272.9,6865.62,387.39,68.53,2.25,27854.29,0.8,97.0,37.4,8
2025-02-21,W-012,Delaware Basin,New Mexico,Oil & Gas,Producing,241.7,679.4,307.1,4017.65,483.44,68.53,2.25,16747.22,0.9,95.6,34.5,9
2025-02-21,W-013,Permian North,West Texas,Horizontal Oil,Producing,531.2,1256.5,632.1,9741.72,711.51,68.53,2.25,36744.94,1.0,96.2,39.5,4
2025-02-21,W-014,Permian South,West Texas,Horizontal Oil,Producing,481.5,651.2,306.4,6917.82,500.0,68.53,2.25,33175.15,2.2,90.7,40.3,4
2025-02-21,W-015,Eagle Ford,South Texas,Horizontal Oil,Producing,320.2,604.2,426.2,6678.47,331.57,68.53,2.25,22106.66,0.1,98.0,35.6,2
2025-02-21,W-016,Bakken Central,North Dakota,Oil & Gas,Producing,425.8,712.7,495.3,8873.62,297.88,68.53,2.25,29373.02,0.8,96.8,33.0,6
2025-02-21,W-017,Bakken North,North Dakota,Horizontal Oil,Producing,220.6,653.7,245.1,4138.35,894.04,68.53,2.25,15297.39,1.3,93.6,34.2,11
2025-02-21,W-018,Delaware Basin,New Mexico,Horizontal Oil,Producing,442.0,1493.2,571.7,7905.74,172.75,68.53,2.25,30697.56,0.9,92.6,33.1,11
2025-02-22,W-001,Permian North,West Texas,Horizontal Oil,Producing,231.9,434.5,216.5,4752.74,343.43,67.27,2.41,15728.84,1.2,92.5,33.9,5
2025-02-22,W-002,Permian South,West Texas,Horizontal Oil,Producing,567.0,685.7,330.4,8727.2,269.58,67.27,2.41,38339.17,0.3,97.1,39.1,2
2025-02-22,W-003,Eagle Ford,South Texas,Horizontal Oil,Producing,390.2,595.1,510.6,6876.59,177.51,67.27,2.41,26420.37,1.5,90.1,31.4,7
2025-02-22,W-004,Bakken Central,North Dakota,Horizontal Oil,Producing,273.1,527.3,320.3,5065.72,620.2,67.27,2.41,18521.6,1.3,91.8,37.1,4
2025-02-22,W-005,Bakken North,North Dakota,Horizontal Oil,Producing,399.4,559.2,456.9,6420.32,829.74,67.27,2.41,27029.9,0.3,98.0,39.6,4
2025-02-22,W-006,Delaware Basin,New Mexico,Oil & Gas,Producing,300.8,709.0,248.0,6660.13,261.6,67.27,2.41,20440.22,0.3,98.4,38.1,8
2025-02-22,W-007,Permian North,West Texas,Horizontal Oil,Maintenance,512.6,861.6,641.6,10439.06,17614.46,67.27,2.41,34731.98,5.8,76.2,39.4,3
2025-02-22,W-008,Permian South,West Texas,Horizontal Oil,Producing,371.9,1188.2,224.7,7182.46,503.1,67.27,2.41,25361.47,0,96.1,33.6,3
2025-02-22,W-009,Eagle Ford,South Texas,Horizontal Oil,Producing,225.9,542.6,267.8,5230.64,418.0,67.27,2.41,15353.3,0.7,96.5,35.6,2
2025-02-22,W-010,Bakken Central,North Dakota,Horizontal Oil,Producing,324.2,480.1,373.1,5983.72,420.68,67.27,2.41,21950.88,0.4,95.7,34.2,10
2025-02-22,W-011,Bakken North,North Dakota,Horizontal Oil,Producing,414.4,1293.7,490.0,7582.89,520.06,67.27,2.41,28249.7,1.1,93.0,37.4,8
2025-02-22,W-012,Delaware Basin,New Mexico,Oil & Gas,Producing,250.6,594.0,172.2,4003.63,131.27,67.27,2.41,17031.53,1.3,91.5,34.5,9
2025-02-22,W-013,Permian North,West Texas,Horizontal Oil,Producing,555.7,1432.4,416.4,10726.64,101.12,67.27,2.41,37798.39,1.4,92.0,39.5,4
2025-02-22,W-014,Permian South,West Texas,Horizontal Oil,Producing,517.6,668.4,576.8,9643.0,426.67,67.27,2.41,35012.02,0.5,97.0,40.3,4
2025-02-22,W-015,Eagle Ford,South Texas,Horizontal Oil,Producing,299.3,480.2,395.7,5773.61,529.91,67.27,2.41,20272.4,2.2,91.6,35.6,2
2025-02-22,W-016,Bakken Central,North Dakota,Oil & Gas,Producing,436.0,586.4,499.9,7474.22,796.02,67.27,2.41,29500.27,1.3,93.8,33.0,6
2025-02-22,W-017,Bakken North,North Dakota,Horizontal Oil,Producing,207.5,505.9,248.2,4222.64,285.38,67.27,2.41,14107.36,1.0,95.5,34.2,11
2025-02-22,W-018,Delaware Basin,New Mexico,Horizontal Oil,Producing,526.5,692.6,366.0,8671.6,251.09,67.27,2.41,35619.36,0.3,97.2,33.1,11
2025-02-23,W-001,Permian North,West Texas,Horizontal Oil,Maintenance,188.5,378.3,195.4,3007.13,6301.43,66.53,2.35,12649.73,5.3,78.3,33.9,5
2025-02-23,W-002,Permian South,West Texas,Horizontal Oil,Producing,574.7,1700.1,593.4,9261.51,761.25,66.53,2.35,38714.2,1.6,93.2,39.1,2
2025-02-23,W-003,Eagle Ford,South Texas,Horizontal Oil,Producing,388.1,648.5,239.4,6621.21,110.8,66.53,2.35,26001.97,1.4,94.9,31.4,7
2025-02-23,W-004,Bakken Central,North Dakota,Horizontal Oil,Producing,249.5,680.5,177.6,4824.69,455.46,66.53,2.35,16795.04,1.8,89.6,37.1,4
2025-02-23,W-005,Bakken North,North Dakota,Horizontal Oil,Producing,333.4,409.6,367.9,6099.6,759.94,66.53,2.35,22296.09,1.6,90.1,39.6,4
2025-02-23,W-006,Delaware Basin,New Mexico,Oil & Gas,Producing,308.6,986.7,175.6,5388.01,624.29,66.53,2.35,20807.59,0,97.1,38.1,8
2025-02-23,W-007,Permian North,West Texas,Horizontal Oil,Producing,638.2,1999.9,771.1,9077.47,188.11,66.53,2.35,43025.99,0.7,93.7,39.4,3
2025-02-23,W-008,Permian South,West Texas,Horizontal Oil,Producing,334.0,1076.7,429.5,7253.44,242.45,66.53,2.35,22526.38,0.1,98.2,33.6,3
2025-02-23,W-009,Eagle Ford,South Texas,Horizontal Oil,Producing,241.7,349.4,262.0,4984.26,378.71,66.53,2.35,16182.4,1.7,89.7,35.6,2
2025-02-23,W-010,Bakken Central,North Dakota,Horizontal Oil,Producing,321.5,879.8,196.5,5376.18,218.91,66.53,2.35,21642.01,0,99.3,34.2,10
2025-02-23,W-011,Bakken North,North Dakota,Horizontal Oil,Producing,412.6,1138.3,486.2,6971.95,562.27,66.53,2.35,27769.98,0,100,37.4,8
2025-02-23,W-012,Delaware Basin,New Mexico,Oil & Gas,Producing,211.8,420.6,170.6,4443.99,431.16,66.53,2.35,14213.7,3.0,87.5,34.5,9
2025-02-23,W-013,Permian North,West Texas,Horizontal Oil,Producing,537.4,1399.4,401.3,9064.28,527.02,66.53,2.35,36148.91,2.2,89.6,39.5,4
2025-02-23,W-014,Permian South,West Texas,Horizontal Oil,Producing,533.8,1296.7,589.7,10544.24,288.15,66.53,2.35,35881.38,0.0,96.0,40.3,4
2025-02-23,W-015,Eagle Ford,South Texas,Horizontal Oil,Producing,268.7,640.7,353.7,5693.95,379.48,66.53,2.35,18059.53,1.5,94.0,35.6,2
2025-02-23,W-016,Bakken Central,North Dakota,Oil & Gas,Producing,394.5,1208.1,523.6,7692.05,762.26,66.53,2.35,26585.33,1.1,91.9,33.0,6
2025-02-23,W-017,Bakken North,North Dakota,Horizontal Oil,Producing,241.4,656.3,205.6,4550.9,397.35,66.53,2.35,16245.22,0.2,98.7,34.2,11
2025-02-23,W-018,Delaware Basin,New Mexico,Horizontal Oil,Producing,482.1,563.8,406.1,6957.48,555.35,66.53,2.35,32237.76,2.2,90.9,33.1,11
2025-02-24,W-001,Permian North,West Texas,Horizontal Oil,Producing,253.7,686.7,200.3,4635.17,725.12,68.96,2.6,17710.94,1.2,94.5,33.9,5
2025-02-24,W-002,Permian South,West Texas,Horizontal Oil,Producing,507.0,1433.7,483.0,7894.81,643.92,68.96,2.6,35413.99,1.7,93.3,39.1,2
2025-02-24,W-003,Eagle Ford,South Texas,Horizontal Oil,Producing,429.1,1379.1,408.3,8544.8,225.44,68.96,2.6,30021.02,2.2,91.6,31.4,7
2025-02-24,W-004,Bakken Central,North Dakota,Horizontal Oil,Producing,250.7,632.8,181.8,4588.38,547.44,68.96,2.6,17489.22,1.2,95.2,37.1,4
2025-02-24,W-005,Bakken North,North Dakota,Horizontal Oil,Producing,366.8,667.6,390.0,7133.67,742.67,68.96,2.6,25500.83,0.7,96.3,39.6,4
2025-02-24,W-006,Delaware Basin,New Mexico,Oil & Gas,Producing,319.3,973.0,182.8,5664.41,152.26,68.96,2.6,22324.89,1.1,94.4,38.1,8
2025-02-24,W-007,Permian North,West Texas,Horizontal Oil,Producing,622.0,1473.6,659.8,8665.58,881.33,68.96,2.6,43358.23,1.0,94.7,39.4,3
2025-02-24,W-008,Permian South,West Texas,Horizontal Oil,Producing,334.6,1094.2,186.3,5827.9,418.51,68.96,2.6,23416.53,0.9,93.3,33.6,3
2025-02-24,W-009,Eagle Ford,South Texas,Horizontal Oil,Producing,255.8,854.2,284.4,4454.53,693.16,68.96,2.6,17904.58,0.6,94.1,35.6,2
2025-02-24,W-010,Bakken Central,North Dakota,Horizontal Oil,Producing,281.9,690.3,347.2,4585.76,470.48,68.96,2.6,19656.36,1.4,94.6,34.2,10
2025-02-24,W-011,Bakken North,North Dakota,Horizontal Oil,Producing,405.5,1270.8,484.9,7995.18,228.84,68.96,2.6,28357.94,1.7,93.7,37.4,8
2025-02-24,W-012,Delaware Basin,New Mexico,Oil & Gas,Producing,268.1,505.5,315.9,4835.39,784.76,68.96,2.6,18649.32,0.6,95.7,34.5,9
2025-02-24,W-013,Permian North,West Texas,Horizontal Oil,Producing,589.3,1173.6,422.5,10099.1,221.92,68.96,2.6,41004.73,0,99.1,39.5,4
2025-02-24,W-014,Permian South,West Texas,Horizontal Oil,Producing,554.0,1306.6,734.2,10395.8,175.29,68.96,2.6,38614.96,0.9,93.9,40.3,4
2025-02-24,W-015,Eagle Ford,South Texas,Horizontal Oil,Producing,289.6,505.1,243.5,4680.77,717.55,68.96,2.6,20129.57,0.4,95.7,35.6,2
2025-02-24,W-016,Bakken Central,North Dakota,Oil & Gas,Producing,438.6,624.1,284.7,7378.56,787.2,68.96,2.6,30439.34,0.7,95.1,33.0,6
2025-02-24,W-017,Bakken North,North Dakota,Horizontal Oil,Producing,217.6,304.0,183.6,5314.02,398.95,68.96,2.6,15104.15,2.4,89.5,34.2,11
2025-02-24,W-018,Delaware Basin,New Mexico,Horizontal Oil,Producing,500.1,1263.8,532.6,9388.38,756.99,68.96,2.6,34879.77,0.7,93.2,33.1,11
2025-02-25,W-001,Permian North,West Texas,Horizontal Oil,Producing,248.8,315.4,214.1,4393.47,472.7,71.66,2.64,17929.08,0.3,98.0,33.9,5
2025-02-25,W-002,Permian South,West Texas,Horizontal Oil,Producing,604.1,1939.2,778.1,11345.15,362.98,71.66,2.64,43905.55,0.5,95.6,39.1,2
2025-02-25,W-003,Eagle Ford,South Texas,Horizontal Oil,Producing,429.7,1166.7,400.0,6992.25,224.59,71.66,2.64,31161.67,0.9,94.7,31.4,7
2025-02-25,W-004,Bakken Central,North Dakota,Horizontal Oil,Producing,274.3,541.7,356.4,4873.61,478.73,71.66,2.64,19830.17,0.7,93.5,37.1,4
2025-02-25,W-005,Bakken North,North Dakota,Horizontal Oil,Producing,392.4,1048.6,300.5,7048.81,155.41,71.66,2.64,28450.78,1.0,93.9,39.6,4
2025-02-25,W-006,Delaware Basin,New Mexico,Oil & Gas,Producing,324.9,857.9,246.2,6387.06,821.31,71.66,2.64,23557.87,0.4,96.1,38.1,8
2025-02-25,W-007,Permian North,West Texas,Horizontal Oil,Producing,632.9,1204.6,560.3,10905.55,228.55,71.66,2.64,45736.2,0,99.5,39.4,3
2025-02-25,W-008,Permian South,West Texas,Horizontal Oil,Producing,322.3,935.0,331.2,5472.38,593.21,71.66,2.64,23392.25,0.5,95.6,33.6,3
2025-02-25,W-009,Eagle Ford,South Texas,Horizontal Oil,Producing,270.6,759.8,308.3,4779.92,466.93,71.66,2.64,19629.17,0.1,96.3,35.6,2
2025-02-25,W-010,Bakken Central,North Dakota,Horizontal Oil,Producing,270.7,622.0,149.7,5366.17,200.57,71.66,2.64,19598.27,2.4,88.4,34.2,10
2025-02-25,W-011,Bakken North,North Dakota,Horizontal Oil,Producing,356.0,570.7,474.7,6447.52,232.88,71.66,2.64,25694.95,2.2,88.9,37.4,8
2025-02-25,W-012,Delaware Basin,New Mexico,Oil & Gas,Producing,229.4,259.9,275.5,4344.21,501.67,71.66,2.64,16521.62,2.8,88.6,34.5,9
2025-02-25,W-013,Permian North,West Texas,Horizontal Oil,Producing,572.8,1230.7,503.1,9412.27,518.54,71.66,2.64,41435.14,0.2,99.0,39.5,4
2025-02-25,W-014,Permian South,West Texas,Horizontal Oil,Producing,486.2,1200.0,478.5,8750.97,650.84,71.66,2.64,35220.67,1.2,93.3,40.3,4
2025-02-25,W-015,Eagle Ford,South Texas,Horizontal Oil,Producing,297.9,961.6,368.1,7139.47,183.05,71.66,2.64,21654.9,1.6,92.6,35.6,2
2025-02-25,W-016,Bakken Central,North Dakota,Oil & Gas,Producing,459.6,1485.8,289.5,7912.03,126.11,71.66,2.64,33409.65,0.0,97.4,33.0,6
2025-02-25,W-017,Bakken North,North Dakota,Horizontal Oil,Producing,203.5,436.7,174.0,3780.17,199.55,71.66,2.64,14723.01,1.3,95.4,34.2,11
2025-02-25,W-018,Delaware Basin,New Mexico,Horizontal Oil,Producing,517.2,1450.6,287.6,8504.03,326.88,71.66,2.64,37523.43,0,100,33.1,11
2025-02-26,W-001,Permian North,West Texas,Horizontal Oil,Producing,228.5,378.4,290.3,3940.71,222.7,70.31,2.59,16185.01,2.3,88.5,33.9,5
2025-02-26,W-002,Permian South,West Texas,Horizontal Oil,Producing,545.8,1804.4,733.7,9316.31,254.13,70.31,2.59,38933.11,1.3,93.8,39.1,2
2025-02-26,W-003,Eagle Ford,South Texas,Horizontal Oil,Producing,470.8,1143.5,307.5,9620.15,238.97,70.31,2.59,33453.1,0,100,31.4,7
2025-02-26,W-004,Bakken Central,North Dakota,Horizontal Oil,Producing,286.1,646.6,301.9,6167.72,601.85,70.31,2.59,20317.74,0.5,95.3,37.1,4
2025-02-26,W-005,Bakken North,North Dakota,Horizontal Oil,Producing,394.1,618.1,246.1,7148.4,574.63,70.31,2.59,27896.25,0.9,92.5,39.6,4
2025-02-26,W-006,Delaware Basin,New Mexico,Oil & Gas,Producing,307.8,864.2,201.5,5911.21,386.5,70.31,2.59,21911.22,1.1,92.7,38.1,8
2025-02-26,W-007,Permian North,West Texas,Horizontal Oil,Producing,632.2,1474.0,471.8,12147.89,716.31,70.31,2.59,44907.23,0.6,96.8,39.4,3
2025-02-26,W-008,Permian South,West Texas,Horizontal Oil,Producing,340.3,827.9,215.3,6443.29,185.66,70.31,2.59,24184.24,1.8,90.1,33.6,3
2025-02-26,W-009,Eagle Ford,South Texas,Horizontal Oil,Producing,231.4,517.5,194.1,5189.79,492.83,70.31,2.59,16426.38,0.4,94.5,35.6,2
2025-02-26,W-010,Bakken Central,North Dakota,Horizontal Oil,Producing,301.2,591.3,241.2,6606.81,243.85,70.31,2.59,21359.32,1.1,91.6,34.2,10
2025-02-26,W-011,Bakken North,North Dakota,Horizontal Oil,Producing,413.6,1032.0,237.9,9160.86,487.13,70.31,2.59,29396.58,0.7,96.2,37.4,8
2025-02-26,W-012,Delaware Basin,New Mexico,Oil & Gas,Producing,258.0,398.2,148.0,4337.25,221.88,70.31,2.59,18260.44,1.5,94.1,34.5,9
2025-02-26,W-013,Permian North,West Texas,Horizontal Oil,Producing,493.8,915.3,358.4,9769.3,314.07,70.31,2.59,35004.44,1.9,90.6,39.5,4
2025-02-26,W-014,Permian South,West Texas,Horizontal Oil,Producing,518.6,1459.2,490.9,9219.41,254.44,70.31,2.59,36911.41,0.2,96.1,40.3,4
2025-02-26,W-015,Eagle Ford,South Texas,Horizontal Oil,Producing,311.4,543.9,269.1,6548.69,349.27,70.31,2.59,22063.19,1.6,93.3,35.6,2
2025-02-26,W-016,Bakken Central,North Dakota,Oil & Gas,Producing,435.2,1226.5,523.4,8032.32,443.45,70.31,2.59,30977.16,0,98.8,33.0,6
2025-02-26,W-017,Bakken North,North Dakota,Horizontal Oil,Producing,222.5,277.6,152.1,3865.33,569.5,70.31,2.59,15725.8,0.9,93.8,34.2,11
2025-02-26,W-018,Delaware Basin,New Mexico,Horizontal Oil,Producing,487.5,569.8,338.3,8468.53,386.2,70.31,2.59,34447.43,0,96.4,33.1,11
2025-02-27,W-001,Permian North,West Texas,Horizontal Oil,Producing,238.1,436.3,133.0,4411.14,736.19,65.45,2.58,15716.21,0.2,99.7,33.9,5
2025-02-27,W-002,Permian South,West Texas,Horizontal Oil,Producing,596.9,797.9,461.1,11310.57,787.93,65.45,2.58,39309.98,0,96.4,39.1,2
2025-02-27,W-003,Eagle Ford,South Texas,Horizontal Oil,Producing,414.4,1176.5,333.2,7030.97,742.18,65.45,2.58,27481.79,1.5,92.3,31.4,7
2025-02-27,W-004,Bakken Central,North Dakota,Horizontal Oil,Producing,258.1,477.9,221.0,4821.2,614.93,65.45,2.58,17037.91,0.4,98.6,37.1,4
2025-02-27,W-005,Bakken North,North Dakota,Horizontal Oil,Producing,390.3,684.5,477.4,7275.48,834.43,65.45,2.58,25752.5,1.0,92.2,39.6,4
2025-02-27,W-006,Delaware Basin,New Mexico,Oil & Gas,Producing,330.6,913.5,254.5,6639.9,545.16,65.45,2.58,21916.98,1.1,93.1,38.1,8
2025-02-27,W-007,Permian North,West Texas,Horizontal Oil,Producing,632.4,1708.6,577.8,12591.96,197.13,65.45,2.58,41914.91,1.0,93.8,39.4,3
2025-02-27,W-008,Permian South,West Texas,Horizontal Oil,Producing,315.8,423.8,255.3,6343.75,236.15,65.45,2.58,20799.56,1.0,92.9,33.6,3
2025-02-27,W-009,Eagle Ford,South Texas,Horizontal Oil,Producing,239.1,759.5,320.8,5956.54,307.75,65.45,2.58,15882.93,0.8,96.6,35.6,2
2025-02-27,W-010,Bakken Central,North Dakota,Horizontal Oil,Producing,283.5,711.4,340.2,4593.15,210.21,65.45,2.58,18773.92,1.1,93.8,34.2,10
2025-02-27,W-011,Bakken North,North Dakota,Horizontal Oil,Producing,434.4,1230.2,547.4,8939.87,457.42,65.45,2.58,28809.27,0.7,93.8,37.4,8
2025-02-27,W-012,Delaware Basin,New Mexico,Oil & Gas,Producing,277.5,510.7,314.9,4685.51,336.99,65.45,2.58,18319.39,0,96.4,34.5,9
2025-02-27,W-013,Permian North,West Texas,Horizontal Oil,Producing,594.8,1556.5,677.0,8747.72,877.41,65.45,2.58,39408.16,0.2,95.5,39.5,4
2025-02-27,W-014,Permian South,West Texas,Horizontal Oil,Maintenance,421.7,646.1,267.2,7063.52,10678.49,65.45,2.58,27797.47,6.3,74.0,40.3,4
2025-02-27,W-015,Eagle Ford,South Texas,Horizontal Oil,Producing,288.5,652.1,369.6,5087.35,880.05,65.45,2.58,19081.21,0.5,98.2,35.6,2
2025-02-27,W-016,Bakken Central,North Dakota,Oil & Gas,Producing,431.5,661.1,333.2,6509.17,795.87,65.45,2.58,28442.09,1.6,92.6,33.0,6
2025-02-27,W-017,Bakken North,North Dakota,Horizontal Oil,Producing,200.8,633.8,140.5,3731.65,462.11,65.45,2.58,13336.94,1.7,90.4,34.2,11
2025-02-27,W-018,Delaware Basin,New Mexico,Horizontal Oil,Producing,464.8,972.5,311.6,8362.57,142.53,65.45,2.58,30719.68,0,97.4,33.1,11
2025-02-28,W-001,Permian North,West Texas,Horizontal Oil,Producing,250.4,617.6,243.8,4805.27,644.93,71.81,2.77,18186.48,0.2,98.4,33.9,5
2025-02-28,W-002,Permian South,West Texas,Horizontal Oil,Producing,540.0,660.0,312.4,8406.83,180.83,71.81,2.77,38996.51,1.1,92.7,39.1,2
2025-02-28,W-003,Eagle Ford,South Texas,Horizontal Oil,Producing,407.2,1135.4,510.5,6796.43,728.58,71.81,2.77,29620.44,0.6,95.3,31.4,7
2025-02-28,W-004,Bakken Central,North Dakota,Horizontal Oil,Producing,282.8,788.4,176.9,5501.66,481.41,71.81,2.77,20569.8,0.0,97.5,37.1,4
2025-02-28,W-005,Bakken North,North Dakota,Horizontal Oil,Producing,340.9,521.9,432.9,5109.81,479.68,71.81,2.77,24653.84,0.8,94.4,39.6,4
2025-02-28,W-006,Delaware Basin,New Mexico,Oil & Gas,Producing,296.5,378.7,324.2,6422.96,875.63,71.81,2.77,21419.17,1.5,92.7,38.1,8
2025-02-28,W-007,Permian North,West Texas,Horizontal Oil,Producing,685.5,1648.4,920.2,13029.69,233.84,71.81,2.77,49771.73,0.8,93.5,39.4,3
2025-02-28,W-008,Permian South,West Texas,Horizontal Oil,Producing,330.4,922.9,301.4,7244.38,305.87,71.81,2.77,24033.42,1.2,93.5,33.6,3
2025-02-28,W-009,Eagle Ford,South Texas,Horizontal Oil,Producing,245.8,774.5,287.5,5999.58,576.59,71.81,2.77,17911.37,1.5,90.5,35.6,2
2025-02-28,W-010,Bakken Central,North Dakota,Horizontal Oil,Producing,306.2,351.4,408.2,6452.27,213.31,71.81,2.77,22105.5,0.9,94.8,34.2,10
2025-02-28,W-011,Bakken North,North Dakota,Horizontal Oil,Producing,399.5,1123.4,281.7,8493.66,872.36,71.81,2.77,29059.49,0.7,97.5,37.4,8
2025-02-28,W-012,Delaware Basin,New Mexico,Oil & Gas,Producing,274.3,585.1,361.1,5146.68,643.25,71.81,2.77,19889.26,0,100,34.5,9
2025-02-28,W-013,Permian North,West Texas,Horizontal Oil,Producing,545.8,652.0,527.3,9058.94,446.77,71.81,2.77,39408.94,0,98.3,39.5,4
2025-02-28,W-014,Permian South,West Texas,Horizontal Oil,Producing,519.8,916.6,689.1,9480.95,473.05,71.81,2.77,37631.61,2.1,88.3,40.3,4
2025-02-28,W-015,Eagle Ford,South Texas,Horizontal Oil,Producing,302.8,533.8,360.3,4582.85,326.41,71.81,2.77,21919.64,0,99.0,35.6,2
2025-02-28,W-016,Bakken Central,North Dakota,Oil & Gas,Maintenance,289.0,756.7,159.1,4817.14,6890.62,71.81,2.77,21000.97,8.1,66.4,33.0,6
2025-02-28,W-017,Bakken North,North Dakota,Horizontal Oil,Producing,236.6,344.7,146.4,4871.59,257.38,71.81,2.77,17106.9,0,98.9,34.2,11
2025-02-28,W-018,Delaware Basin,New Mexico,Horizontal Oil,Producing,467.8,1388.1,495.7,8641.86,178.51,71.81,2.77,34056.74,1.0,93.3,33.1,11
2025-03-01,W-001,Permian North,West Texas,Horizontal Oil,Producing,248.2,457.1,251.3,4819.94,208.55,72.21,2.67,18069.29,1.5,92.6,33.9,5
2025-03-01,W-002,Permian South,West Texas,Horizontal Oil,Producing,564.7,1330.2,480.5,11264.84,210.89,72.21,2.67,41202.98,1.7,91.3,39.1,2
2025-03-01,W-003,Eagle Ford,South Texas,Horizontal Oil,Producing,455.7,1248.1,421.4,8197.57,428.21,72.21,2.67,33301.85,1.3,90.9,31.4,7
2025-03-01,W-004,Bakken Central,North Dakota,Horizontal Oil,Producing,271.2,682.0,214.7,4720.96,201.82,72.21,2.67,19798.61,1.6,92.1,37.1,4
2025-03-01,W-005,Bakken North,North Dakota,Horizontal Oil,Producing,358.2,1016.4,309.6,5903.49,745.98,72.21,2.67,26192.54,0.6,97.9,39.6,4
2025-03-01,W-006,Delaware Basin,New Mexico,Oil & Gas,Producing,332.4,862.5,271.5,5226.74,485.17,72.21,2.67,24277.03,1.1,93.2,38.1,8
2025-03-01,W-007,Permian North,West Texas,Horizontal Oil,Producing,674.2,1787.4,769.6,9347.22,215.32,72.21,2.67,49254.65,0.9,96.0,39.4,3
2025-03-01,W-008,Permian South,West Texas,Horizontal Oil,Producing,365.8,655.5,292.1,7451.73,487.96,72.21,2.67,26620.72,1.0,95.3,33.6,3
2025-03-01,W-009,Eagle Ford,South Texas,Horizontal Oil,Producing,212.3,528.5,137.3,3648.64,478.99,72.21,2.67,15501.56,2.0,91.8,35.6,2
2025-03-01,W-010,Bakken Central,North Dakota,Horizontal Oil,Producing,286.3,962.0,345.3,5970.95,757.35,72.21,2.67,20980.97,1.2,94.4,34.2,10
2025-03-01,W-011,Bakken North,North Dakota,Horizontal Oil,Producing,414.1,867.4,438.6,7010.87,625.97,72.21,2.67,30181.03,0.9,93.2,37.4,8
2025-03-01,W-012,Delaware Basin,New Mexico,Oil & Gas,Producing,247.7,652.7,326.3,5072.79,412.95,72.21,2.67,18092.7,0,99.5,34.5,9
2025-03-01,W-013,Permian North,West Texas,Horizontal Oil,Producing,544.9,1131.7,311.9,9369.28,108.82,72.21,2.67,39704.66,0.5,95.5,39.5,4
2025-03-01,W-014,Permian South,West Texas,Horizontal Oil,Producing,465.0,1481.5,613.9,8554.26,321.52,72.21,2.67,34048.87,1.7,93.8,40.3,4
2025-03-01,W-015,Eagle Ford,South Texas,Horizontal Oil,Producing,331.1,747.5,274.5,6765.39,150.21,72.21,2.67,24148.85,0.1,98.9,35.6,2
2025-03-01,W-016,Bakken Central,North Dakota,Oil & Gas,Producing,444.5,1293.3,343.5,8241.75,415.14,72.21,2.67,32511.89,0.7,97.6,33.0,6
2025-03-01,W-017,Bakken North,North Dakota,Horizontal Oil,Producing,220.7,482.2,237.7,4983.57,720.32,72.21,2.67,16087.53,0.1,98.2,34.2,11
2025-03-01,W-018,Delaware Basin,New Mexico,Horizontal Oil,Producing,487.9,1229.6,425.9,7706.73,227.34,72.21,2.67,35621.96,0,96.5,33.1,11
2025-03-02,W-001,Permian North,West Texas,Horizontal Oil,Producing,246.1,826.1,294.5,4894.5,819.84,74.71,2.96,18678.74,2.0,88.8,33.9,5
2025-03-02,W-002,Permian South,West Texas,Horizontal Oil,Producing,532.4,1334.9,341.6,10213.73,710.68,74.71,2.96,40250.19,0.8,95.7,39.1,2
2025-03-02,W-003,Eagle Ford,South Texas,Horizontal Oil,Producing,481.1,884.7,533.6,9019.61,559.02,74.71,2.96,36261.0,0,97.0,31.4,7
2025-03-02,W-004,Bakken Central,North Dakota,Horizontal Oil,Producing,262.1,386.0,314.8,5149.19,565.69,74.71,2.96,19718.41,0.2,98.3,37.1,4
2025-03-02,W-005,Bakken North,North Dakota,Horizontal Oil,Producing,345.2,1022.8,436.5,6018.13,537.26,74.71,2.96,26152.21,1.1,91.9,39.6,4
2025-03-02,W-006,Delaware Basin,New Mexico,Oil & Gas,Producing,329.5,738.5,400.7,6325.21,381.68,74.71,2.96,24880.33,0.6,96.6,38.1,8
2025-03-02,W-007,Permian North,West Texas,Horizontal Oil,Producing,631.5,792.2,563.3,9890.19,162.52,74.71,2.96,47463.9,0,99.9,39.4,3
2025-03-02,W-008,Permian South,West Texas,Horizontal Oil,Producing,348.1,647.9,253.9,7927.87,301.11,74.71,2.96,26238.2,1.2,94.5,33.6,3
2025-03-02,W-009,Eagle Ford,South Texas,Horizontal Oil,Producing,256.0,851.7,156.1,5682.29,845.45,74.71,2.96,19429.76,1.2,93.6,35.6,2
2025-03-02,W-010,Bakken Central,North Dakota,Horizontal Oil,Producing,262.3,572.7,336.8,4148.87,370.44,74.71,2.96,19800.07,2.0,89.2,34.2,10
2025-03-02,W-011,Bakken North,North Dakota,Horizontal Oil,Producing,419.1,595.2,413.9,8578.81,630.67,74.71,2.96,31521.36,1.2,95.4,37.4,8
2025-03-02,W-012,Delaware Basin,New Mexico,Oil & Gas,Producing,246.2,668.8,286.1,4672.81,859.93,74.71,2.96,18627.96,2.5,88.7,34.5,9
2025-03-02,W-013,Permian North,West Texas,Horizontal Oil,Producing,487.2,1153.7,636.8,7421.82,128.48,74.71,2.96,36805.29,1.7,91.6,39.5,4
2025-03-02,W-014,Permian South,West Texas,Horizontal Oil,Producing,570.8,1903.2,323.7,8817.82,749.09,74.71,2.96,43319.92,0.2,97.8,40.3,4
2025-03-02,W-015,Eagle Ford,South Texas,Horizontal Oil,Producing,308.5,863.1,306.1,5456.23,656.35,74.71,2.96,23358.17,1.1,93.7,35.6,2
2025-03-02,W-016,Bakken Central,North Dakota,Oil & Gas,Producing,444.3,1492.9,375.1,6885.52,146.34,74.71,2.96,33726.34,1.4,91.5,33.0,6
2025-03-02,W-017,Bakken North,North Dakota,Horizontal Oil,Producing,202.4,570.7,255.2,4596.63,892.75,74.71,2.96,15325.85,1.5,90.1,34.2,11
2025-03-02,W-018,Delaware Basin,New Mexico,Horizontal Oil,Producing,451.6,684.3,264.2,7879.3,295.4,74.71,2.96,33981.54,0.9,93.8,33.1,11
2025-03-03,W-001,Permian North,West Texas,Horizontal Oil,Producing,236.6,396.4,233.0,4895.17,385.57,70.5,2.66,16806.39,0.2,99.7,33.9,5
2025-03-03,W-002,Permian South,West Texas,Horizontal Oil,Producing,613.4,1087.8,658.2,10663.01,658.22,70.5,2.66,43596.04,0.4,96.9,39.1,2
2025-03-03,W-003,Eagle Ford,South Texas,Horizontal Oil,Maintenance,255.6,646.7,197.8,4354.19,17627.05,70.5,2.66,18223.86,20.0,53.4,31.4,7
2025-03-03,W-004,Bakken Central,North Dakota,Horizontal Oil,Producing,264.9,518.2,318.7,4943.83,658.67,70.5,2.66,18839.97,0,99.2,37.1,4
2025-03-03,W-005,Bakken North,North Dakota,Horizontal Oil,Producing,329.0,572.2,282.0,6386.51,323.27,70.5,2.66,23374.38,1.5,92.9,39.6,4
2025-03-03,W-006,Delaware Basin,New Mexico,Oil & Gas,Producing,330.1,655.2,193.3,5309.05,444.87,70.5,2.66,23482.71,1.4,90.6,38.1,8
2025-03-03,W-007,Permian North,West Texas,Horizontal Oil,Producing,616.4,1541.0,779.4,12524.8,748.19,70.5,2.66,43948.13,0.1,98.5,39.4,3
2025-03-03,W-008,Permian South,West Texas,Horizontal Oil,Producing,341.8,1027.9,306.7,6533.23,688.33,70.5,2.66,24426.29,0.6,93.9,33.6,3
2025-03-03,W-009,Eagle Ford,South Texas,Horizontal Oil,Producing,261.2,803.2,339.7,5304.22,554.64,70.5,2.66,18674.46,0,98.6,35.6,2
2025-03-03,W-010,Bakken Central,North Dakota,Horizontal Oil,Producing,280.4,789.4,361.7,4167.85,739.67,70.5,2.66,20022.32,1.6,94.0,34.2,10
2025-03-03,W-011,Bakken North,North Dakota,Horizontal Oil,Producing,396.9,796.7,413.7,7039.31,725.94,70.5,2.66,28232.71,0.8,96.7,37.4,8
2025-03-03,W-012,Delaware Basin,New Mexico,Oil & Gas,Producing,222.6,535.9,179.6,3877.23,470.18,70.5,2.66,15864.3,1.8,90.8,34.5,9
2025-03-03,W-013,Permian North,West Texas,Horizontal Oil,Producing,555.9,890.0,331.8,10856.61,588.26,70.5,2.66,39475.81,1.7,90.7,39.5,4
2025-03-03,W-014,Permian South,West Texas,Horizontal Oil,Producing,500.8,1433.2,386.1,9765.16,604.27,70.5,2.66,35766.17,0.6,94.3,40.3,4
2025-03-03,W-015,Eagle Ford,South Texas,Horizontal Oil,Producing,274.6,734.3,340.1,5192.84,673.89,70.5,2.66,19592.65,1.2,91.5,35.6,2
2025-03-03,W-016,Bakken Central,North Dakota,Oil & Gas,Producing,408.0,690.4,445.8,7908.44,674.66,70.5,2.66,28984.64,0.9,95.3,33.0,6
2025-03-03,W-017,Bakken North,North Dakota,Horizontal Oil,Producing,211.9,348.6,171.8,4474.53,432.78,70.5,2.66,15049.2,1.6,92.6,34.2,11
2025-03-03,W-018,Delaware Basin,New Mexico,Horizontal Oil,Producing,447.3,827.9,528.0,7527.84,621.58,70.5,2.66,31797.57,1.2,93.4,33.1,11
2025-03-04,W-001,Permian North,West Texas,Horizontal Oil,Producing,245.6,284.5,254.7,5270.95,724.7,74.06,2.77,18281.65,2.6,87.9,33.9,5
2025-03-04,W-002,Permian South,West Texas,Horizontal Oil,Producing,548.4,874.2,666.0,8396.83,404.87,74.06,2.77,40902.65,1.3,95.5,39.1,2
2025-03-04,W-003,Eagle Ford,South Texas,Horizontal Oil,Producing,383.4,865.7,387.1,7334.94,686.44,74.06,2.77,28682.85,2.5,89.8,31.4,7
2025-03-04,W-004,Bakken Central,North Dakota,Horizontal Oil,Producing,239.2,522.9,231.9,4319.48,768.81,74.06,2.77,17888.33,1.7,90.6,37.1,4
2025-03-04,W-005,Bakken North,North Dakota,Horizontal Oil,Producing,358.5,770.1,411.7,5517.56,686.24,74.06,2.77,26805.35,0.9,96.6,39.6,4
2025-03-04,W-006,Delaware Basin,New Mexico,Oil & Gas,Producing,292.4,661.7,374.8,6002.51,459.17,74.06,2.77,21875.78,2.2,89.1,38.1,8
2025-03-04,W-007,Permian North,West Texas,Horizontal Oil,Producing,649.9,1875.5,569.4,11042.3,308.22,74.06,2.77,48756.86,1.0,93.4,39.4,3
2025-03-04,W-008,Permian South,West Texas,Horizontal Oil,Producing,329.2,680.9,440.0,6542.71,718.12,74.06,2.77,24606.24,0.4,98.8,33.6,3
2025-03-04,W-009,Eagle Ford,South Texas,Horizontal Oil,Producing,231.2,549.3,299.2,4782.71,127.26,74.06,2.77,17308.02,1.2,93.2,35.6,2
2025-03-04,W-010,Bakken Central,North Dakota,Horizontal Oil,Producing,321.4,451.4,399.7,7077.88,383.49,74.06,2.77,23955.18,0.8,94.7,34.2,10
2025-03-04,W-011,Bakken North,North Dakota,Horizontal Oil,Producing,438.0,1386.8,448.1,8660.37,136.19,74.06,2.77,32898.82,0.7,96.8,37.4,8
2025-03-04,W-012,Delaware Basin,New Mexico,Oil & Gas,Producing,250.8,511.7,228.2,5267.92,481.68,74.06,2.77,18742.99,0.4,95.1,34.5,9
2025-03-04,W-013,Permian North,West Texas,Horizontal Oil,Producing,582.2,752.6,737.3,10220.3,619.52,74.06,2.77,43366.52,1.0,93.8,39.5,4
2025-03-04,W-014,Permian South,West Texas,Horizontal Oil,Producing,544.5,1335.3,711.0,8133.32,372.89,74.06,2.77,40767.35,0,98.8,40.3,4
2025-03-04,W-015,Eagle Ford,South Texas,Horizontal Oil,Producing,310.0,571.1,249.5,5102.35,751.19,74.06,2.77,23148.32,0,99.7,35.6,2
2025-03-04,W-016,Bakken Central,North Dakota,Oil & Gas,Producing,418.7,960.5,422.9,7243.66,327.83,74.06,2.77,31327.98,0.1,96.2,33.0,6
2025-03-04,W-017,Bakken North,North Dakota,Horizontal Oil,Producing,218.5,701.6,293.0,5180.85,633.15,74.06,2.77,16416.02,0,96.7,34.2,11
2025-03-04,W-018,Delaware Basin,New Mexico,Horizontal Oil,Producing,499.7,1417.3,285.8,10591.37,531.86,74.06,2.77,37480.42,1.4,94.2,33.1,11
2025-03-05,W-001,Permian North,West Texas,Horizontal Oil,Maintenance,206.5,498.4,234.5,4557.4,7071.59,75.36,2.84,15729.98,6.1,72.0,33.9,5
2025-03-05,W-002,Permian South,West Texas,Horizontal Oil,Producing,557.1,949.9,691.7,11823.48,193.17,75.36,2.84,42306.51,1.3,92.5,39.1,2
2025-03-05,W-003,Eagle Ford,South Texas,Horizontal Oil,Producing,469.9,1302.9,381.4,8517.26,604.5,75.36,2.84,35852.98,0.1,98.2,31.4,7
2025-03-05,W-004,Bakken Central,North Dakota,Horizontal Oil,Producing,291.7,611.6,378.0,5752.69,773.14,75.36,2.84,22188.82,0.6,96.8,37.1,4
2025-03-05,W-005,Bakken North,North Dakota,Horizontal Oil,Producing,349.9,895.5,194.7,5583.62,854.53,75.36,2.84,26671.28,0.1,99.0,39.6,4
2025-03-05,W-006,Delaware Basin,New Mexico,Oil & Gas,Producing,319.3,558.7,226.3,7232.82,785.73,75.36,2.84,24249.76,1.7,92.7,38.1,8
2025-03-05,W-007,Permian North,West Texas,Horizontal Oil,Maintenance,587.2,927.6,406.6,9576.23,8394.5,75.36,2.84,44566.18,3.3,85.3,39.4,3
2025-03-05,W-008,Permian South,West Texas,Horizontal Oil,Producing,329.8,861.0,228.9,5589.16,333.69,75.36,2.84,25143.7,2.0,90.2,33.6,3
2025-03-05,W-009,Eagle Ford,South Texas,Horizontal Oil,Producing,250.8,331.6,160.5,5983.97,329.82,75.36,2.84,19016.21,0.2,100,35.6,2
2025-03-05,W-010,Bakken Central,North Dakota,Horizontal Oil,Producing,298.4,407.7,275.1,4828.44,657.57,75.36,2.84,22625.75,1.3,94.1,34.2,10
2025-03-05,W-011,Bakken North,North Dakota,Horizontal Oil,Producing,421.9,863.8,311.3,7077.43,811.85,75.36,2.84,32086.17,0,99.9,37.4,8
2025-03-05,W-012,Delaware Basin,New Mexico,Oil & Gas,Maintenance,135.8,248.6,117.2,2997.44,16641.72,75.36,2.84,10318.45,17.4,53.5,34.5,9
2025-03-05,W-013,Permian North,West Texas,Horizontal Oil,Producing,529.5,1579.2,421.9,8992.77,233.23,75.36,2.84,40437.96,0.9,93.4,39.5,4
2025-03-05,W-014,Permian South,West Texas,Horizontal Oil,Producing,488.5,1217.0,276.4,9771.78,172.2,75.36,2.84,37225.39,1.8,92.1,40.3,4
2025-03-05,W-015,Eagle Ford,South Texas,Horizontal Oil,Producing,322.9,765.8,346.8,6205.92,258.75,75.36,2.84,24595.43,0.4,95.2,35.6,2
2025-03-05,W-016,Bakken Central,North Dakota,Oil & Gas,Producing,442.0,1412.1,360.3,7208.55,852.01,75.36,2.84,33791.36,1.2,91.4,33.0,6
2025-03-05,W-017,Bakken North,North Dakota,Horizontal Oil,Maintenance,116.3,234.3,109.1,2379.97,6065.08,75.36,2.84,8841.85,20.8,54.9,34.2,11
2025-03-05,W-018,Delaware Basin,New Mexico,Horizontal Oil,Producing,474.3,656.6,558.4,8580.85,692.42,75.36,2.84,35967.52,0.4,95.7,33.1,11
2025-03-06,W-001,Permian North,West Texas,Horizontal Oil,Producing,227.3,684.2,235.0,4284.54,734.1,72.89,2.88,16805.86,0.9,93.3,33.9,5
2025-03-06,W-002,Permian South,West Texas,Horizontal Oil,Producing,577.0,1064.4,553.9,8287.09,262.13,72.89,2.88,42428.18,0,97.3,39.1,2
2025-03-06,W-003,Eagle Ford,South Texas,Horizontal Oil,Producing,416.5,1384.5,416.0,8207.13,526.56,72.89,2.88,30838.84,0.1,96.8,31.4,7
2025-03-06,W-004,Bakken Central,North Dakota,Horizontal Oil,Maintenance,150.7,294.9,148.8,2665.91,17615.45,72.89,2.88,11085.17,11.9,53.9,37.1,4
2025-03-06,W-005,Bakken North,North Dakota,Horizontal Oil,Producing,359.3,860.6,382.4,6569.67,880.65,72.89,2.88,26486.4,0.9,92.9,39.6,4
2025-03-06,W-006,Delaware Basin,New Mexico,Oil & Gas,Producing,298.0,424.6,310.9,5885.9,553.31,72.89,2.88,21866.69,1.4,91.5,38.1,8
2025-03-06,W-007,Permian North,West Texas,Horizontal Oil,Producing,643.2,1168.3,527.6,9442.57,552.25,72.89,2.88,47285.27,0.1,97.6,39.4,3
2025-03-06,W-008,Permian South,West Texas,Horizontal Oil,Maintenance,207.1,606.4,204.3,4219.49,7488.49,72.89,2.88,15307.05,15.8,54.7,33.6,3
2025-03-06,W-009,Eagle Ford,South Texas,Horizontal Oil,Producing,212.2,284.6,235.4,4574.95,229.67,72.89,2.88,15562.54,2.4,89.8,35.6,2
2025-03-06,W-010,Bakken Central,North Dakota,Horizontal Oil,Producing,303.8,1013.4,176.6,5150.47,742.52,72.89,2.88,22496.19,0,98.4,34.2,10
2025-03-06,W-011,Bakken North,North Dakota,Horizontal Oil,Producing,408.2,857.8,320.6,8610.2,517.98,72.89,2.88,30047.01,0.0,99.1,37.4,8
2025-03-06,W-012,Delaware Basin,New Mexico,Oil & Gas,Producing,257.5,367.1,249.4,4719.56,671.58,72.89,2.88,18896.96,0.6,96.1,34.5,9
2025-03-06,W-013,Permian North,West Texas,Horizontal Oil,Producing,607.1,1673.4,747.9,9106.34,763.53,72.89,2.88,44830.42,0,96.0,39.5,4
2025-03-06,W-014,Permian South,West Texas,Horizontal Oil,Producing,486.1,609.6,647.2,7882.48,655.24,72.89,2.88,35639.41,1.2,93.8,40.3,4
2025-03-06,W-015,Eagle Ford,South Texas,Horizontal Oil,Producing,276.1,526.2,275.3,5183.34,842.3,72.89,2.88,20302.93,1.6,90.9,35.6,2
2025-03-06,W-016,Bakken Central,North Dakota,Oil & Gas,Producing,449.0,1097.4,356.8,8052.05,303.8,72.89,2.88,33105.39,1.1,94.2,33.0,6
2025-03-06,W-017,Bakken North,North Dakota,Horizontal Oil,Producing,224.1,390.7,170.4,4264.52,569.85,72.89,2.88,16466.26,1.2,94.8,34.2,11
2025-03-06,W-018,Delaware Basin,New Mexico,Horizontal Oil,Producing,503.5,1239.7,388.6,10279.12,634.8,72.89,2.88,37130.2,1.0,94.3,33.1,11
2025-03-07,W-001,Permian North,West Texas,Horizontal Oil,Producing,221.9,328.2,277.3,4600.34,141.75,74.1,3.07,16563.77,2.0,90.3,33.9,5
2025-03-07,W-002,Permian South,West Texas,Horizontal Oil,Producing,572.4,1060.2,543.9,8844.08,401.85,74.1,3.07,42800.04,1.6,91.4,39.1,2
2025-03-07,W-003,Eagle Ford,South Texas,Horizontal Oil,Producing,444.5,1392.1,544.0,10036.81,766.88,74.1,3.07,33451.96,0.4,97.9,31.4,7
2025-03-07,W-004,Bakken Central,North Dakota,Horizontal Oil,Producing,262.1,583.7,309.6,5324.41,448.33,74.1,3.07,19633.58,1.7,90.8,37.1,4
2025-03-07,W-005,Bakken North,North Dakota,Horizontal Oil,Maintenance,232.6,614.3,263.5,4297.6,17967.45,74.1,3.07,17460.56,9.3,61.7,39.6,4
2025-03-07,W-006,Delaware Basin,New Mexico,Oil & Gas,Producing,285.4,604.1,277.1,4458.84,175.29,74.1,3.07,21368.56,1.4,92.1,38.1,8
2025-03-07,W-007,Permian North,West Texas,Horizontal Oil,Producing,663.1,1654.7,382.5,10361.01,135.13,74.1,3.07,49740.9,2.0,91.2,39.4,3
2025-03-07,W-008,Permian South,West Texas,Horizontal Oil,Producing,381.0,1175.4,492.2,8385.22,492.24,74.1,3.07,28661.9,0,98.4,33.6,3
2025-03-07,W-009,Eagle Ford,South Texas,Horizontal Oil,Producing,264.9,783.3,153.8,4952.45,222.55,74.1,3.07,19914.89,0,99.7,35.6,2
2025-03-07,W-010,Bakken Central,North Dakota,Horizontal Oil,Producing,306.4,376.6,324.8,4463.3,535.27,74.1,3.07,22842.86,1.4,95.0,34.2,10
2025-03-07,W-011,Bakken North,North Dakota,Horizontal Oil,Producing,406.1,462.3,495.4,8031.19,667.45,74.1,3.07,30262.13,1.4,94.7,37.4,8
2025-03-07,W-012,Delaware Basin,New Mexico,Oil & Gas,Producing,257.4,521.8,314.1,4901.54,760.04,74.1,3.07,19264.09,1.7,91.5,34.5,9
2025-03-07,W-013,Permian North,West Texas,Horizontal Oil,Producing,514.9,1091.5,396.7,8055.31,238.37,74.1,3.07,38553.26,0.5,97.7,39.5,4
2025-03-07,W-014,Permian South,West Texas,Horizontal Oil,Producing,499.6,941.8,501.8,9647.62,470.4,74.1,3.07,37362.54,1.4,90.9,40.3,4
2025-03-07,W-015,Eagle Ford,South Texas,Horizontal Oil,Producing,315.8,482.2,323.0,7390.58,730.99,74.1,3.07,23576.62,0.8,93.9,35.6,2
2025-03-07,W-016,Bakken Central,North Dakota,Oil & Gas,Producing,390.2,1180.6,415.1,7539.24,704.67,74.1,3.07,29346.74,1.9,89.0,33.0,6
2025-03-07,W-017,Bakken North,North Dakota,Horizontal Oil,Maintenance,118.0,167.9,94.7,2339.35,16195.31,74.1,3.07,8804.12,16.1,53.3,34.2,11
2025-03-07,W-018,Delaware Basin,New Mexico,Horizontal Oil,Producing,489.0,835.4,460.6,8815.04,613.46,74.1,3.07,36539.21,1.4,92.5,33.1,11
2025-03-08,W-001,Permian North,West Texas,Horizontal Oil,Maintenance,139.0,324.9,99.9,3169.97,15069.08,70.44,2.74,9898.46,18.7,55.0,33.9,5
2025-03-08,W-002,Permian South,West Texas,Horizontal Oil,Producing,617.2,1806.4,384.3,11654.39,474.15,70.44,2.74,44072.13,0.5,94.2,39.1,2
2025-03-08,W-003,Eagle Ford,South Texas,Horizontal Oil,Producing,462.1,706.4,305.8,8719.44,402.33,70.44,2.74,32783.91,0,98.9,31.4,7
2025-03-08,W-004,Bakken Central,North Dakota,Horizontal Oil,Maintenance,157.0,486.6,87.3,3147.03,12542.16,70.44,2.74,11220.24,16.0,53.1,37.1,4
2025-03-08,W-005,Bakken North,North Dakota,Horizontal Oil,Producing,354.1,407.2,424.0,6525.84,447.97,70.44,2.74,25078.17,0.5,96.0,39.6,4
2025-03-08,W-006,Delaware Basin,New Mexico,Oil & Gas,Producing,295.7,579.2,242.6,5798.99,876.61,70.44,2.74,21024.05,1.6,93.7,38.1,8
2025-03-08,W-007,Permian North,West Texas,Horizontal Oil,Producing,621.5,1790.2,816.2,9792.11,509.76,70.44,2.74,44372.79,1.6,93.9,39.4,3
2025-03-08,W-008,Permian South,West Texas,Horizontal Oil,Producing,386.6,1263.8,274.0,8553.47,203.91,70.44,2.74,27653.16,0.2,96.9,33.6,3
2025-03-08,W-009,Eagle Ford,South Texas,Horizontal Oil,Producing,249.0,733.0,228.4,4062.59,217.99,70.44,2.74,17785.34,1.5,94.1,35.6,2
2025-03-08,W-010,Bakken Central,North Dakota,Horizontal Oil,Producing,277.0,455.2,197.4,4284.97,647.77,70.44,2.74,19663.79,0.7,97.3,34.2,10
2025-03-08,W-011,Bakken North,North Dakota,Horizontal Oil,Producing,419.3,1123.7,465.1,8782.35,765.08,70.44,2.74,29910.49,0.1,99.1,37.4,8
2025-03-08,W-012,Delaware Basin,New Mexico,Oil & Gas,Producing,230.9,322.3,268.0,4406.4,818.42,70.44,2.74,16374.33,0.9,96.3,34.5,9
2025-03-08,W-013,Permian North,West Texas,Horizontal Oil,Producing,522.7,1162.0,597.1,9094.31,586.82,70.44,2.74,37202.79,0.1,99.4,39.5,4
2025-03-08,W-014,Permian South,West Texas,Horizontal Oil,Producing,503.2,1506.4,522.6,10231.42,616.46,70.44,2.74,35946.06,1.2,91.9,40.3,4
2025-03-08,W-015,Eagle Ford,South Texas,Horizontal Oil,Producing,293.1,763.4,261.0,5301.87,757.02,70.44,2.74,20899.98,1.0,92.2,35.6,2
2025-03-08,W-016,Bakken Central,North Dakota,Oil & Gas,Producing,408.0,602.3,447.1,7964.64,166.11,70.44,2.74,28941.28,1.6,92.8,33.0,6
2025-03-08,W-017,Bakken North,North Dakota,Horizontal Oil,Producing,193.4,354.7,195.3,3846.83,488.91,70.44,2.74,13742.85,1.7,93.7,34.2,11
2025-03-08,W-018,Delaware Basin,New Mexico,Horizontal Oil,Producing,525.8,944.8,398.0,9848.43,741.93,70.44,2.74,37352.35,0,98.3,33.1,11
2025-03-09,W-001,Permian North,West Texas,Horizontal Oil,Producing,269.3,903.7,262.7,5160.71,220.31,71.48,3.03,19578.46,0.1,97.3,33.9,5
2025-03-09,W-002,Permian South,West Texas,Horizontal Oil,Producing,591.0,918.7,709.3,11221.17,138.83,71.48,3.03,42575.78,0.6,95.0,39.1,2
2025-03-09,W-003,Eagle Ford,South Texas,Horizontal Oil,Producing,480.0,1285.8,360.9,8186.66,755.34,71.48,3.03,34778.8,0.0,98.7,31.4,7
2025-03-09,W-004,Bakken Central,North Dakota,Horizontal Oil,Producing,263.5,300.4,213.3,5308.67,385.8,71.48,3.03,18942.24,0.8,93.0,37.1,4
2025-03-09,W-005,Bakken North,North Dakota,Horizontal Oil,Producing,343.9,953.2,363.3,6015.35,877.48,71.48,3.03,24930.47,0.8,96.1,39.6,4
2025-03-09,W-006,Delaware Basin,New Mexico,Oil & Gas,Producing,333.4,1006.9,378.8,6277.25,161.23,71.48,3.03,24195.84,1.1,93.4,38.1,8
2025-03-09,W-007,Permian North,West Texas,Horizontal Oil,Producing,662.4,1310.6,883.8,10020.95,699.41,71.48,3.03,47826.58,1.9,90.3,39.4,3
2025-03-09,W-008,Permian South,West Texas,Horizontal Oil,Maintenance,190.5,495.6,239.3,4370.91,4304.59,71.48,3.03,13795.16,21.0,53.3,33.6,3
2025-03-09,W-009,Eagle Ford,South Texas,Horizontal Oil,Producing,239.5,546.7,295.4,4843.94,399.39,71.48,3.03,17319.49,0.6,95.9,35.6,2
2025-03-09,W-010,Bakken Central,North Dakota,Horizontal Oil,Producing,322.1,559.4,350.2,6500.82,642.57,71.48,3.03,23227.73,0,97.4,34.2,10
2025-03-09,W-011,Bakken North,North Dakota,Horizontal Oil,Producing,367.5,754.5,240.3,6333.77,880.72,71.48,3.03,26544.09,1.3,92.3,37.4,8
2025-03-09,W-012,Delaware Basin,New Mexico,Oil & Gas,Producing,223.7,394.2,250.5,5072.3,607.82,71.48,3.03,16133.27,1.5,91.5,34.5,9
2025-03-09,W-013,Permian North,West Texas,Horizontal Oil,Producing,585.3,660.8,481.4,9477.69,469.56,71.48,3.03,42080.07,0.9,96.0,39.5,4
2025-03-09,W-014,Permian South,West Texas,Horizontal Oil,Producing,513.4,602.8,632.4,10811.75,549.06,71.48,3.03,36916.06,0.4,96.1,40.3,4
2025-03-09,W-015,Eagle Ford,South Texas,Horizontal Oil,Producing,340.7,664.0,266.9,6371.63,123.65,71.48,3.03,24592.19,0,99.1,35.6,2
2025-03-09,W-016,Bakken Central,North Dakota,Oil & Gas,Producing,474.8,547.9,630.9,8360.7,287.77,71.48,3.03,34137.96,0.3,99.3,33.0,6
2025-03-09,W-017,Bakken North,North Dakota,Horizontal Oil,Producing,216.9,662.4,136.1,4517.32,556.6,71.48,3.03,15744.0,1.5,90.8,34.2,11
2025-03-09,W-018,Delaware Basin,New Mexico,Horizontal Oil,Producing,473.6,966.0,545.2,8350.3,355.52,71.48,3.03,34206.29,1.0,93.7,33.1,11
2025-03-10,W-001,Permian North,West Texas,Horizontal Oil,Producing,249.3,456.4,243.9,5061.65,495.87,70.09,3.15,17645.87,1.8,90.9,33.9,5
2025-03-10,W-002,Permian South,West Texas,Horizontal Oil,Producing,564.3,995.0,550.8,9393.91,237.82,70.09,3.15,39928.42,0,100,39.1,2
2025-03-10,W-003,Eagle Ford,South Texas,Horizontal Oil,Producing,435.1,1453.5,382.1,8644.97,210.86,70.09,3.15,31047.41,1.4,93.3,31.4,7
2025-03-10,W-004,Bakken Central,North Dakota,Horizontal Oil,Producing,300.8,555.7,225.6,5663.29,172.77,70.09,3.15,21292.94,0,97.9,37.1,4
2025-03-10,W-005,Bakken North,North Dakota,Horizontal Oil,Producing,407.5,1061.3,404.1,8626.83,229.1,70.09,3.15,28963.31,0.0,97.8,39.6,4
2025-03-10,W-006,Delaware Basin,New Mexico,Oil & Gas,Producing,329.8,607.6,258.7,6717.46,468.94,70.09,3.15,23347.55,1.7,90.3,38.1,8
2025-03-10,W-007,Permian North,West Texas,Horizontal Oil,Producing,655.8,1923.3,871.1,10777.46,583.21,70.09,3.15,46697.8,2.5,87.5,39.4,3
2025-03-10,W-008,Permian South,West Texas,Horizontal Oil,Producing,368.9,411.6,212.4,7659.88,896.43,70.09,3.15,26013.84,1.3,94.9,33.6,3
2025-03-10,W-009,Eagle Ford,South Texas,Horizontal Oil,Producing,234.0,397.3,262.7,4557.06,617.67,70.09,3.15,16551.89,1.6,92.1,35.6,2
2025-03-10,W-010,Bakken Central,North Dakota,Horizontal Oil,Maintenance,175.7,311.7,152.7,4270.99,8132.29,70.09,3.15,12434.91,11.6,54.8,34.2,10
2025-03-10,W-011,Bakken North,North Dakota,Horizontal Oil,Producing,391.4,561.9,297.5,8152.1,189.43,70.09,3.15,27646.4,0.3,95.6,37.4,8
2025-03-10,W-012,Delaware Basin,New Mexico,Oil & Gas,Producing,249.8,799.4,296.4,4103.69,613.63,70.09,3.15,17814.14,0.1,96.0,34.5,9
2025-03-10,W-013,Permian North,West Texas,Horizontal Oil,Producing,539.0,959.0,488.2,10483.32,554.58,70.09,3.15,38143.07,0.2,98.1,39.5,4
2025-03-10,W-014,Permian South,West Texas,Horizontal Oil,Producing,495.2,873.2,359.9,8373.34,332.97,70.09,3.15,35040.88,0.8,97.4,40.3,4
2025-03-10,W-015,Eagle Ford,South Texas,Horizontal Oil,Producing,308.9,549.3,353.7,6105.04,333.87,70.09,3.15,21859.98,0.2,97.1,35.6,2
2025-03-10,W-016,Bakken Central,North Dakota,Oil & Gas,Producing,406.0,644.2,321.7,7127.39,676.91,70.09,3.15,28700.72,0.1,99.3,33.0,6
2025-03-10,W-017,Bakken North,North Dakota,Horizontal Oil,Producing,214.5,405.7,144.7,4630.33,399.49,70.09,3.15,15187.44,0,100,34.2,11
2025-03-10,W-018,Delaware Basin,New Mexico,Horizontal Oil,Producing,446.8,1031.3,308.4,8664.26,857.56,70.09,3.15,31708.9,1.4,92.0,33.1,11
2025-03-11,W-001,Permian North,West Texas,Horizontal Oil,Producing,253.6,487.0,232.7,5965.78,771.98,72.53,3.06,18575.3,1.0,96.1,33.9,5
2025-03-11,W-002,Permian South,West Texas,Horizontal Oil,Producing,599.8,974.9,427.1,11083.89,179.07,72.53,3.06,43864.87,0,97.6,39.1,2
2025-03-11,W-003,Eagle Ford,South Texas,Horizontal Oil,Producing,469.0,1457.2,622.1,7447.97,298.38,72.53,3.06,34551.64,0,97.3,31.4,7
2025-03-11,W-004,Bakken Central,North Dakota,Horizontal Oil,Producing,282.7,734.0,210.9,5564.79,132.19,72.53,3.06,20770.48,0.5,97.0,37.1,4
2025-03-11,W-005,Bakken North,North Dakota,Horizontal Oil,Producing,384.0,478.6,488.6,6624.39,282.07,72.53,3.06,28025.14,1.2,94.0,39.6,4
2025-03-11,W-006,Delaware Basin,New Mexico,Oil & Gas,Producing,314.1,733.5,369.1,5752.0,257.14,72.53,3.06,23052.81,1.1,92.2,38.1,8
2025-03-11,W-007,Permian North,West Texas,Horizontal Oil,Producing,613.4,1362.2,616.8,11170.34,189.22,72.53,3.06,44993.46,1.1,95.8,39.4,3
2025-03-11,W-008,Permian South,West Texas,Horizontal Oil,Producing,318.5,940.5,331.7,5498.8,703.65,72.53,3.06,23443.94,1.7,92.0,33.6,3
2025-03-11,W-009,Eagle Ford,South Texas,Horizontal Oil,Producing,242.3,796.7,191.3,5295.43,320.23,72.53,3.06,17864.29,1.2,93.9,35.6,2
2025-03-11,W-010,Bakken Central,North Dakota,Horizontal Oil,Producing,283.0,947.4,369.8,5097.33,879.48,72.53,3.06,20873.76,1.7,91.4,34.2,10
2025-03-11,W-011,Bakken North,North Dakota,Horizontal Oil,Producing,382.3,1234.0,345.8,7342.22,246.12,72.53,3.06,28177.94,1.6,93.2,37.4,8
2025-03-11,W-012,Delaware Basin,New Mexico,Oil & Gas,Producing,234.1,527.8,188.7,4348.26,340.05,72.53,3.06,17176.04,1.1,94.5,34.5,9
2025-03-11,W-013,Permian North,West Texas,Horizontal Oil,Producing,565.6,1644.4,696.8,9797.84,865.37,72.53,3.06,41627.39,1.1,96.3,39.5,4
2025-03-11,W-014,Permian South,West Texas,Horizontal Oil,Producing,543.5,1572.7,416.1,11103.7,784.99,72.53,3.06,40000.76,1.2,92.6,40.3,4
2025-03-11,W-015,Eagle Ford,South Texas,Horizontal Oil,Producing,322.6,688.5,287.2,5998.58,709.78,72.53,3.06,23648.93,0.4,96.4,35.6,2
2025-03-11,W-016,Bakken Central,North Dakota,Oil & Gas,Producing,407.3,1202.4,541.7,7345.63,663.47,72.53,3.06,29981.52,1.4,91.4,33.0,6
2025-03-11,W-017,Bakken North,North Dakota,Horizontal Oil,Producing,214.9,627.4,174.2,4142.36,271.98,72.53,3.06,15819.45,0.6,96.1,34.2,11
2025-03-11,W-018,Delaware Basin,New Mexico,Horizontal Oil,Producing,440.0,730.0,356.6,8122.64,475.9,72.53,3.06,32179.86,1.5,94.6,33.1,11
2025-03-12,W-001,Permian North,West Texas,Horizontal Oil,Producing,231.9,578.7,197.1,4179.34,320.84,75.48,3.04,17714.53,1.6,91.3,33.9,5
2025-03-12,W-002,Permian South,West Texas,Horizontal Oil,Producing,550.9,776.2,633.5,9473.16,431.02,75.48,3.04,41867.04,0.3,95.5,39.1,2
2025-03-12,W-003,Eagle Ford,South Texas,Horizontal Oil,Producing,408.4,679.6,411.8,8153.44,524.82,75.48,3.04,31075.51,0.6,95.0,31.4,7
2025-03-12,W-004,Bakken Central,North Dakota,Horizontal Oil,Maintenance,142.5,414.3,159.5,3361.91,16529.1,75.48,3.04,10906.31,17.4,54.0,37.1,4
2025-03-12,W-005,Bakken North,North Dakota,Horizontal Oil,Producing,342.4,745.5,314.6,6191.98,663.25,75.48,3.04,26119.98,1.3,92.0,39.6,4
2025-03-12,W-006,Delaware Basin,New Mexico,Oil & Gas,Producing,310.0,623.5,291.1,5071.88,830.39,75.48,3.04,23626.24,1.2,93.6,38.1,8
2025-03-12,W-007,Permian North,West Texas,Horizontal Oil,Maintenance,344.7,778.9,409.7,6934.94,11409.64,75.48,3.04,26303.12,10.7,55.0,39.4,3
2025-03-12,W-008,Permian South,West Texas,Horizontal Oil,Producing,352.1,1176.1,413.5,6988.25,777.04,75.48,3.04,27003.32,0.9,92.8,33.6,3
2025-03-12,W-009,Eagle Ford,South Texas,Horizontal Oil,Producing,265.4,760.3,237.5,4935.91,804.43,75.48,3.04,20314.3,0,99.7,35.6,2
2025-03-12,W-010,Bakken Central,North Dakota,Horizontal Oil,Producing,285.4,739.1,234.5,5574.03,756.17,75.48,3.04,21811.02,0,98.2,34.2,10
2025-03-12,W-011,Bakken North,North Dakota,Horizontal Oil,Maintenance,213.5,641.4,120.6,3913.41,6512.22,75.48,3.04,16346.49,13.5,53.4,37.4,8
2025-03-12,W-012,Delaware Basin,New Mexico,Oil & Gas,Producing,261.0,749.3,263.5,5274.47,793.79,75.48,3.04,19974.01,0.4,95.2,34.5,9
2025-03-12,W-013,Permian North,West Texas,Horizontal Oil,Producing,502.8,763.1,287.1,9445.39,723.57,75.48,3.04,38229.99,1.6,92.1,39.5,4
2025-03-12,W-014,Permian South,West Texas,Horizontal Oil,Producing,509.5,805.1,403.7,8666.21,849.04,75.48,3.04,38748.86,0.5,95.1,40.3,4
2025-03-12,W-015,Eagle Ford,South Texas,Horizontal Oil,Producing,278.2,881.2,250.9,6037.37,455.16,75.48,3.04,21321.65,1.4,93.9,35.6,2
2025-03-12,W-016,Bakken Central,North Dakota,Oil & Gas,Producing,432.5,680.3,369.5,7962.12,240.08,75.48,3.04,32893.33,0.2,99.7,33.0,6
2025-03-12,W-017,Bakken North,North Dakota,Horizontal Oil,Producing,200.3,569.0,129.5,4227.89,699.75,75.48,3.04,15329.56,1.4,91.9,34.2,11
2025-03-12,W-018,Delaware Basin,New Mexico,Horizontal Oil,Producing,446.2,752.8,285.4,7444.24,742.73,75.48,3.04,33955.42,2.2,89.0,33.1,11
2025-03-13,W-001,Permian North,West Texas,Horizontal Oil,Producing,270.8,568.3,332.6,5373.38,167.56,72.53,3.08,19853.08,0.2,98.4,33.9,5
2025-03-13,W-002,Permian South,West Texas,Horizontal Oil,Producing,574.8,1488.1,464.8,8649.38,551.66,72.53,3.08,42242.66,0,96.6,39.1,2
2025-03-13,W-003,Eagle Ford,South Texas,Horizontal Oil,Producing,442.5,1262.5,265.0,9487.36,628.76,72.53,3.08,32562.44,1.2,93.0,31.4,7
2025-03-13,W-004,Bakken Central,North Dakota,Horizontal Oil,Producing,286.9,952.5,328.1,5562.79,803.26,72.53,3.08,21160.97,1.1,92.1,37.1,4
2025-03-13,W-005,Bakken North,North Dakota,Horizontal Oil,Producing,363.5,655.8,381.8,7357.36,356.86,72.53,3.08,26611.62,1.2,94.9,39.6,4
2025-03-13,W-006,Delaware Basin,New Mexico,Oil & Gas,Producing,337.8,1081.5,198.4,6185.65,520.16,72.53,3.08,24905.65,1.0,92.8,38.1,8
2025-03-13,W-007,Permian North,West Texas,Horizontal Oil,Maintenance,346.0,1167.1,221.4,6796.54,15770.18,72.53,3.08,25531.6,19.9,54.3,39.4,3
2025-03-13,W-008,Permian South,West Texas,Horizontal Oil,Producing,357.5,916.9,285.7,7043.01,202.56,72.53,3.08,26270.43,0.7,96.4,33.6,3
2025-03-13,W-009,Eagle Ford,South Texas,Horizontal Oil,Producing,253.6,715.7,312.3,4396.35,203.85,72.53,3.08,18660.68,0,100,35.6,2
2025-03-13,W-010,Bakken Central,North Dakota,Horizontal Oil,Producing,286.0,376.9,249.7,5599.55,280.98,72.53,3.08,20881.48,0,96.9,34.2,10
2025-03-13,W-011,Bakken North,North Dakota,Horizontal Oil,Producing,436.2,1001.4,441.3,9102.48,205.37,72.53,3.08,32009.63,0,98.1,37.4,8
2025-03-13,W-012,Delaware Basin,New Mexico,Oil & Gas,Producing,232.3,754.8,134.1,5134.38,138.41,72.53,3.08,17126.78,2.7,86.1,34.5,9
2025-03-13,W-013,Permian North,West Texas,Horizontal Oil,Producing,573.6,844.5,463.5,10122.72,375.12,72.53,3.08,41918.16,0.9,95.4,39.5,4
2025-03-13,W-014,Permian South,West Texas,Horizontal Oil,Producing,529.8,1133.7,382.4,9901.33,194.26,72.53,3.08,38848.12,1.0,93.3,40.3,4
2025-03-13,W-015,Eagle Ford,South Texas,Horizontal Oil,Producing,316.6,534.1,378.5,6224.97,630.6,72.53,3.08,23161.12,1.4,93.5,35.6,2
2025-03-13,W-016,Bakken Central,North Dakota,Oil & Gas,Producing,436.1,543.0,367.3,8453.77,200.98,72.53,3.08,31832.23,0.5,95.1,33.0,6
2025-03-13,W-017,Bakken North,North Dakota,Horizontal Oil,Producing,204.9,637.1,163.1,4613.44,166.37,72.53,3.08,15101.18,1.6,93.6,34.2,11
2025-03-13,W-018,Delaware Basin,New Mexico,Horizontal Oil,Producing,463.7,1514.0,625.5,7805.68,277.49,72.53,3.08,34196.53,1.5,90.1,33.1,11
2025-03-14,W-001,Permian North,West Texas,Horizontal Oil,Producing,241.0,708.8,202.5,4793.53,524.7,72.48,2.91,17719.92,1.7,90.9,33.9,5
2025-03-14,W-002,Permian South,West Texas,Horizontal Oil,Producing,514.5,1316.6,537.4,10556.45,221.64,72.48,2.91,37753.19,2.1,91.9,39.1,2
2025-03-14,W-003,Eagle Ford,South Texas,Horizontal Oil,Producing,462.0,1516.3,363.6,10239.87,815.0,72.48,2.91,34014.03,1.2,93.4,31.4,7
2025-03-14,W-004,Bakken Central,North Dakota,Horizontal Oil,Producing,297.1,327.0,223.1,5421.75,838.44,72.48,2.91,21648.39,0.3,97.8,37.1,4
2025-03-14,W-005,Bakken North,North Dakota,Horizontal Oil,Producing,335.7,1004.2,389.9,7330.33,293.97,72.48,2.91,24681.9,1.6,93.3,39.6,4
2025-03-14,W-006,Delaware Basin,New Mexico,Oil & Gas,Producing,310.5,479.6,378.0,5556.1,320.97,72.48,2.91,22673.07,1.1,95.9,38.1,8
2025-03-14,W-007,Permian North,West Texas,Horizontal Oil,Producing,617.7,1309.4,671.9,11051.19,193.83,72.48,2.91,45232.36,0.7,94.7,39.4,3
2025-03-14,W-008,Permian South,West Texas,Horizontal Oil,Producing,369.9,807.8,398.9,6070.82,694.33,72.48,2.91,27096.13,0,98.3,33.6,3
2025-03-14,W-009,Eagle Ford,South Texas,Horizontal Oil,Producing,222.0,383.1,297.5,4870.57,190.27,72.48,2.91,16222.14,2.5,88.1,35.6,2
2025-03-14,W-010,Bakken Central,North Dakota,Horizontal Oil,Producing,319.6,860.0,379.0,6065.89,182.44,72.48,2.91,23470.04,0.6,98.5,34.2,10
2025-03-14,W-011,Bakken North,North Dakota,Horizontal Oil,Producing,447.1,1175.7,545.2,9177.01,610.45,72.48,2.91,32821.9,0.2,99.5,37.4,8
2025-03-14,W-012,Delaware Basin,New Mexico,Oil & Gas,Producing,263.7,457.4,198.1,5101.59,769.04,72.48,2.91,19274.98,0.4,99.2,34.5,9
2025-03-14,W-013,Permian North,West Texas,Horizontal Oil,Producing,497.4,1113.4,508.8,8807.86,724.74,72.48,2.91,36442.27,2.0,91.2,39.5,4
2025-03-14,W-014,Permian South,West Texas,Horizontal Oil,Producing,536.4,1053.7,517.7,10855.69,581.33,72.48,2.91,39248.06,1.7,91.9,40.3,4
2025-03-14,W-015,Eagle Ford,South Texas,Horizontal Oil,Producing,272.5,778.6,228.5,6179.77,437.46,72.48,2.91,20022.6,1.8,90.6,35.6,2
2025-03-14,W-016,Bakken Central,North Dakota,Oil & Gas,Producing,423.5,1233.4,521.6,7637.87,852.16,72.48,2.91,31125.77,0.5,98.0,33.0,6
2025-03-14,W-017,Bakken North,North Dakota,Horizontal Oil,Producing,200.4,481.8,114.1,4278.34,836.54,72.48,2.91,14697.01,1.0,95.8,34.2,11
2025-03-14,W-018,Delaware Basin,New Mexico,Horizontal Oil,Producing,533.7,898.2,642.9,9401.88,298.96,72.48,2.91,38998.12,0,98.2,33.1,11
2025-03-15,W-001,Permian North,West Texas,Horizontal Oil,Producing,238.4,684.9,235.5,4341.83,378.83,74.33,3.07,17972.35,0.7,97.2,33.9,5
2025-03-15,W-002,Permian South,West Texas,Horizontal Oil,Producing,576.5,1076.6,601.3,11393.89,282.06,74.33,3.07,43242.78,2.2,91.0,39.1,2
2025-03-15,W-003,Eagle Ford,South Texas,Horizontal Oil,Producing,425.7,955.1,297.5,7441.44,665.92,74.33,3.07,31993.26,0.6,95.3,31.4,7
2025-03-15,W-004,Bakken Central,North Dakota,Horizontal Oil,Producing,298.9,847.7,393.8,4840.46,565.48,74.33,3.07,22529.68,0,100,37.1,4
2025-03-15,W-005,Bakken North,North Dakota,Horizontal Oil,Producing,385.6,777.1,426.6,5922.56,578.38,74.33,3.07,28945.01,0,100,39.6,4
2025-03-15,W-006,Delaware Basin,New Mexico,Oil & Gas,Producing,314.3,863.2,306.8,6191.63,182.9,74.33,3.07,23678.35,0.3,99.5,38.1,8
2025-03-15,W-007,Permian North,West Texas,Horizontal Oil,Producing,647.7,835.0,874.2,10357.38,538.39,74.33,3.07,48451.57,1.3,94.0,39.4,3
2025-03-15,W-008,Permian South,West Texas,Horizontal Oil,Producing,355.7,1073.0,475.5,5845.08,618.32,74.33,3.07,26834.86,0.4,95.5,33.6,3
2025-03-15,W-009,Eagle Ford,South Texas,Horizontal Oil,Maintenance,166.6,418.0,203.4,3698.61,11305.33,74.33,3.07,12540.14,6.9,69.9,35.6,2
2025-03-15,W-010,Bakken Central,North Dakota,Horizontal Oil,Producing,328.6,1101.5,377.0,6872.78,742.74,74.33,3.07,24829.53,0,97.3,34.2,10
2025-03-15,W-011,Bakken North,North Dakota,Horizontal Oil,Producing,447.6,1456.9,360.8,8077.63,207.59,74.33,3.07,33805.75,0.3,99.0,37.4,8
2025-03-15,W-012,Delaware Basin,New Mexico,Oil & Gas,Producing,233.9,785.1,275.4,4684.72,350.79,74.33,3.07,17676.01,0.8,96.7,34.5,9
2025-03-15,W-013,Permian North,West Texas,Horizontal Oil,Producing,544.9,1498.7,580.9,10107.84,472.23,74.33,3.07,41053.02,1.8,91.5,39.5,4
2025-03-15,W-014,Permian South,West Texas,Horizontal Oil,Producing,537.8,1770.5,369.5,9843.95,146.04,74.33,3.07,40624.07,0.1,97.3,40.3,4
2025-03-15,W-015,Eagle Ford,South Texas,Horizontal Oil,Producing,293.8,784.1,177.0,6306.45,857.88,74.33,3.07,22128.6,0.2,98.8,35.6,2
2025-03-15,W-016,Bakken Central,North Dakota,Oil & Gas,Producing,477.8,1609.4,345.1,8161.67,639.73,74.33,3.07,36106.59,0,97.7,33.0,6
2025-03-15,W-017,Bakken North,North Dakota,Horizontal Oil,Producing,233.2,764.1,155.2,4888.18,351.57,74.33,3.07,17615.21,0.9,92.4,34.2,11
2025-03-15,W-018,Delaware Basin,New Mexico,Horizontal Oil,Producing,459.3,1537.6,478.1,8575.11,686.05,74.33,3.07,34702.65,0.6,94.8,33.1,11
2025-03-16,W-001,Permian North,West Texas,Horizontal Oil,Producing,244.4,633.9,231.2,3819.32,856.92,70.48,2.88,17444.1,0,98.9,33.9,5
2025-03-16,W-002,Permian South,West Texas,Horizontal Oil,Producing,613.3,870.0,505.7,9114.53,665.81,70.48,2.88,43524.64,0.2,99.6,39.1,2
2025-03-16,W-003,Eagle Ford,South Texas,Horizontal Oil,Producing,403.7,816.9,295.3,9013.37,371.78,70.48,2.88,28737.31,1.3,94.4,31.4,7
2025-03-16,W-004,Bakken Central,North Dakota,Horizontal Oil,Producing,279.1,345.0,236.8,5159.52,523.3,70.48,2.88,19792.19,1.9,88.4,37.1,4
2025-03-16,W-005,Bakken North,North Dakota,Horizontal Oil,Producing,339.1,1078.8,339.3,7501.95,250.79,70.48,2.88,24269.09,0.9,95.4,39.6,4
2025-03-16,W-006,Delaware Basin,New Mexico,Oil & Gas,Producing,339.6,1086.5,349.7,6914.88,665.09,70.48,2.88,24312.9,0.9,96.6,38.1,8
2025-03-16,W-007,Permian North,West Texas,Horizontal Oil,Producing,596.5,1779.9,342.6,8633.17,866.43,70.48,2.88,42659.16,1.5,94.4,39.4,3
2025-03-16,W-008,Permian South,West Texas,Horizontal Oil,Producing,345.5,523.4,333.3,7368.19,582.8,70.48,2.88,24531.78,0.5,98.9,33.6,3
2025-03-16,W-009,Eagle Ford,South Texas,Horizontal Oil,Producing,257.9,834.5,254.9,5002.99,193.11,70.48,2.88,18465.38,1.4,93.0,35.6,2
2025-03-16,W-010,Bakken Central,North Dakota,Horizontal Oil,Producing,319.5,489.9,279.1,6004.2,836.9,70.48,2.88,22690.21,0.4,98.4,34.2,10
2025-03-16,W-011,Bakken North,North Dakota,Horizontal Oil,Producing,417.5,1264.9,262.6,7749.32,356.44,70.48,2.88,29860.68,1.2,93.7,37.4,8
2025-03-16,W-012,Delaware Basin,New Mexico,Oil & Gas,Producing,260.5,406.9,210.0,4733.5,855.4,70.48,2.88,18500.57,0.0,98.1,34.5,9
2025-03-16,W-013,Permian North,West Texas,Horizontal Oil,Producing,514.2,593.8,325.7,9268.67,344.72,70.48,2.88,36445.43,0.6,98.4,39.5,4
2025-03-16,W-014,Permian South,West Texas,Horizontal Oil,Producing,525.9,628.8,687.5,8855.9,820.22,70.48,2.88,37279.14,1.0,94.6,40.3,4
2025-03-16,W-015,Eagle Ford,South Texas,Horizontal Oil,Producing,328.3,764.5,192.9,5670.06,871.35,70.48,2.88,23399.32,0,96.3,35.6,2
2025-03-16,W-016,Bakken Central,North Dakota,Oil & Gas,Producing,414.5,626.0,351.0,8193.19,178.92,70.48,2.88,29433.55,1.7,93.6,33.0,6
2025-03-16,W-017,Bakken North,North Dakota,Horizontal Oil,Producing,236.0,299.2,168.2,4415.61,112.47,70.48,2.88,16736.67,0,100,34.2,11
2025-03-16,W-018,Delaware Basin,New Mexico,Horizontal Oil,Producing,459.4,759.3,551.7,9678.37,889.67,70.48,2.88,32638.22,0.1,99.7,33.1,11
2025-03-17,W-001,Permian North,West Texas,Horizontal Oil,Maintenance,197.9,521.9,248.4,4045.88,15888.02,67.98,2.89,13632.36,4.8,79.3,33.9,5
2025-03-17,W-002,Permian South,West Texas,Horizontal Oil,Producing,586.8,1639.7,450.7,10974.19,430.91,67.98,2.89,40460.27,1.9,89.7,39.1,2
2025-03-17,W-003,Eagle Ford,South Texas,Horizontal Oil,Producing,436.1,1108.1,377.8,8657.29,630.37,67.98,2.89,30028.8,1.2,92.3,31.4,7
2025-03-17,W-004,Bakken Central,North Dakota,Horizontal Oil,Producing,261.7,831.0,246.2,4315.72,854.8,67.98,2.89,18080.85,0,97.3,37.1,4
2025-03-17,W-005,Bakken North,North Dakota,Horizontal Oil,Producing,361.6,634.5,363.8,5421.86,758.3,67.98,2.89,24799.8,1.5,94.1,39.6,4
2025-03-17,W-006,Delaware Basin,New Mexico,Oil & Gas,Producing,328.0,736.5,213.8,7149.31,187.48,67.98,2.89,22553.07,0.5,95.1,38.1,8
2025-03-17,W-007,Permian North,West Texas,Horizontal Oil,Producing,674.0,1116.1,702.4,10838.93,577.6,67.98,2.89,46204.38,1.3,91.0,39.4,3
2025-03-17,W-008,Permian South,West Texas,Horizontal Oil,Producing,347.2,532.9,249.4,6221.8,858.87,67.98,2.89,23791.0,2.0,89.6,33.6,3
2025-03-17,W-009,Eagle Ford,South Texas,Horizontal Oil,Producing,226.7,585.3,195.7,4016.86,150.92,67.98,2.89,15617.04,1.5,90.9,35.6,2
2025-03-17,W-010,Bakken Central,North Dakota,Horizontal Oil,Producing,311.4,656.8,388.3,4686.98,522.85,67.98,2.89,21394.67,0.4,97.1,34.2,10
2025-03-17,W-011,Bakken North,North Dakota,Horizontal Oil,Producing,417.8,853.6,408.4,7511.5,846.24,67.98,2.89,28701.63,1.1,93.4,37.4,8
2025-03-17,W-012,Delaware Basin,New Mexico,Oil & Gas,Producing,234.0,383.1,200.1,5102.95,714.96,67.98,2.89,16040.2,0.7,93.8,34.5,9
2025-03-17,W-013,Permian North,West Texas,Horizontal Oil,Producing,524.5,1359.7,670.7,10650.63,325.97,67.98,2.89,36128.63,0.1,98.7,39.5,4
2025-03-17,W-014,Permian South,West Texas,Horizontal Oil,Producing,567.1,1514.5,589.8,9998.69,463.99,67.98,2.89,39076.15,0.1,100,40.3,4
2025-03-17,W-015,Eagle Ford,South Texas,Horizontal Oil,Producing,295.1,756.9,203.4,7223.85,805.55,67.98,2.89,20320.51,0.1,97.4,35.6,2
2025-03-17,W-016,Bakken Central,North Dakota,Oil & Gas,Maintenance,229.6,495.4,256.8,4270.34,8734.58,67.98,2.89,15779.1,18.1,55.1,33.0,6
2025-03-17,W-017,Bakken North,North Dakota,Horizontal Oil,Producing,238.9,494.1,211.2,5021.39,410.75,67.98,2.89,16410.39,0.6,95.4,34.2,11
2025-03-17,W-018,Delaware Basin,New Mexico,Horizontal Oil,Producing,478.7,765.5,336.4,8047.72,627.46,67.98,2.89,32811.17,0,99.1,33.1,11
2025-03-18,W-001,Permian North,West Texas,Horizontal Oil,Producing,252.4,651.6,182.0,3978.18,621.79,73.09,3.17,18699.52,0.2,96.7,33.9,5
2025-03-18,W-002,Permian South,West Texas,Horizontal Oil,Producing,529.7,847.3,525.1,8217.37,514.0,73.09,3.17,39040.89,1.0,92.9,39.1,2
2025-03-18,W-003,Eagle Ford,South Texas,Horizontal Oil,Producing,466.4,927.0,505.4,8236.14,550.69,73.09,3.17,34441.76,0,96.8,31.4,7
2025-03-18,W-004,Bakken Central,North Dakota,Horizontal Oil,Producing,265.6,578.4,330.5,4888.99,352.97,73.09,3.17,19635.16,0.9,96.9,37.1,4
2025-03-18,W-005,Bakken North,North Dakota,Horizontal Oil,Producing,393.8,1226.6,429.6,7435.91,106.93,73.09,3.17,29252.76,0.3,99.1,39.6,4
2025-03-18,W-006,Delaware Basin,New Mexico,Oil & Gas,Maintenance,176.8,561.0,125.9,3129.51,15530.52,73.09,3.17,13132.94,19.1,53.8,38.1,8
2025-03-18,W-007,Permian North,West Texas,Horizontal Oil,Producing,674.4,1833.2,527.2,9902.7,820.65,73.09,3.17,49992.55,0,96.8,39.4,3
2025-03-18,W-008,Permian South,West Texas,Horizontal Oil,Producing,364.4,919.0,246.6,6904.89,886.64,73.09,3.17,26984.38,0.0,99.4,33.6,3
2025-03-18,W-009,Eagle Ford,South Texas,Horizontal Oil,Producing,219.6,466.3,253.5,3980.05,403.5,73.09,3.17,16228.88,2.0,88.8,35.6,2
2025-03-18,W-010,Bakken Central,North Dakota,Horizontal Oil,Maintenance,178.8,579.6,182.0,3775.88,17539.6,73.09,3.17,13292.06,15.8,55.4,34.2,10
2025-03-18,W-011,Bakken North,North Dakota,Horizontal Oil,Producing,441.3,1488.0,555.7,6390.36,340.08,73.09,3.17,32821.26,0.6,95.5,37.4,8
2025-03-18,W-012,Delaware Basin,New Mexico,Oil & Gas,Producing,241.7,800.3,194.9,5582.17,166.46,73.09,3.17,17968.81,2.2,89.9,34.5,9
2025-03-18,W-013,Permian North,West Texas,Horizontal Oil,Producing,506.0,1593.6,447.4,8189.69,253.62,73.09,3.17,37592.79,0.7,94.6,39.5,4
2025-03-18,W-014,Permian South,West Texas,Horizontal Oil,Producing,545.4,665.2,404.1,9004.09,446.36,73.09,3.17,40116.25,1.6,89.8,40.3,4
2025-03-18,W-015,Eagle Ford,South Texas,Horizontal Oil,Producing,325.4,700.8,199.9,6083.37,882.6,73.09,3.17,24052.58,0.3,97.9,35.6,2
2025-03-18,W-016,Bakken Central,North Dakota,Oil & Gas,Producing,443.6,875.7,256.8,8383.71,368.51,73.09,3.17,32758.35,1.6,93.3,33.0,6
2025-03-18,W-017,Bakken North,North Dakota,Horizontal Oil,Producing,230.0,468.3,189.4,5436.38,541.91,73.09,3.17,16986.89,0.9,94.8,34.2,11
2025-03-18,W-018,Delaware Basin,New Mexico,Horizontal Oil,Producing,423.5,1114.9,340.9,7332.5,748.6,73.09,3.17,31382.42,2.3,90.4,33.1,11
2025-03-19,W-001,Permian North,West Texas,Horizontal Oil,Producing,233.2,686.5,273.6,4633.92,110.76,68.85,3.09,16313.2,1.0,95.9,33.9,5
2025-03-19,W-002,Permian South,West Texas,Horizontal Oil,Producing,599.0,1859.3,550.2,12231.21,184.67,68.85,3.09,41928.96,0.5,94.6,39.1,2
2025-03-19,W-003,Eagle Ford,South Texas,Horizontal Oil,Producing,419.4,1181.1,257.9,7253.34,103.07,68.85,3.09,29314.58,0.5,97.9,31.4,7
2025-03-19,W-004,Bakken Central,North Dakota,Horizontal Oil,Producing,259.2,600.8,241.3,4964.25,584.37,68.85,3.09,18070.56,1.1,92.5,37.1,4
2025-03-19,W-005,Bakken North,North Dakota,Horizontal Oil,Producing,380.2,1174.7,227.8,5732.64,240.68,68.85,3.09,26612.96,0.9,93.4,39.6,4
2025-03-19,W-006,Delaware Basin,New Mexico,Oil & Gas,Producing,343.4,932.8,209.7,5592.6,893.58,68.85,3.09,23987.32,0,96.8,38.1,8
2025-03-19,W-007,Permian North,West Texas,Horizontal Oil,Producing,682.4,1694.8,651.9,10625.17,759.57,68.85,3.09,47611.42,0.2,98.8,39.4,3
2025-03-19,W-008,Permian South,West Texas,Horizontal Oil,Producing,347.1,984.0,208.9,5447.81,686.33,68.85,3.09,24262.29,0,99.1,33.6,3
2025-03-19,W-009,Eagle Ford,South Texas,Horizontal Oil,Producing,236.7,676.6,265.8,4398.84,170.59,68.85,3.09,16548.61,0,98.9,35.6,2
2025-03-19,W-010,Bakken Central,North Dakota,Horizontal Oil,Producing,317.9,397.8,241.6,6414.08,693.75,68.85,3.09,22032.21,0.0,98.4,34.2,10
2025-03-19,W-011,Bakken North,North Dakota,Horizontal Oil,Producing,412.4,751.0,556.4,6769.37,134.16,68.85,3.09,28672.1,1.7,90.8,37.4,8
2025-03-19,W-012,Delaware Basin,New Mexico,Oil & Gas,Producing,274.0,914.0,252.3,5952.74,213.67,68.85,3.09,19201.16,0,99.8,34.5,9
2025-03-19,W-013,Permian North,West Texas,Horizontal Oil,Producing,496.1,704.8,398.5,10278.87,419.53,68.85,3.09,34414.89,1.2,91.3,39.5,4
2025-03-19,W-014,Permian South,West Texas,Horizontal Oil,Producing,543.7,828.0,340.3,8964.57,369.85,68.85,3.09,37739.41,0.5,94.1,40.3,4
2025-03-19,W-015,Eagle Ford,South Texas,Horizontal Oil,Producing,299.9,988.9,296.8,5395.05,678.98,68.85,3.09,21016.52,0.4,96.5,35.6,2
2025-03-19,W-016,Bakken Central,North Dakota,Oil & Gas,Producing,378.7,1253.9,228.5,6335.31,331.46,68.85,3.09,26536.28,1.9,89.5,33.0,6
2025-03-19,W-017,Bakken North,North Dakota,Horizontal Oil,Producing,213.8,439.8,119.8,3756.41,604.37,68.85,3.09,14880.76,2.6,88.6,34.2,11
2025-03-19,W-018,Delaware Basin,New Mexico,Horizontal Oil,Producing,463.3,1281.9,553.9,9226.29,876.34,68.85,3.09,32371.42,1.1,91.9,33.1,11
2025-03-20,W-001,Permian North,West Texas,Horizontal Oil,Producing,239.5,392.1,298.8,4859.29,878.02,71.12,2.93,17173.3,1.1,95.4,33.9,5
2025-03-20,W-002,Permian South,West Texas,Horizontal Oil,Producing,563.0,783.9,454.6,10920.38,283.14,71.12,2.93,40310.46,0.2,98.1,39.1,2
2025-03-20,W-003,Eagle Ford,South Texas,Horizontal Oil,Producing,466.4,1037.1,431.8,7247.92,176.47,71.12,2.93,33530.64,0.5,97.7,31.4,7
2025-03-20,W-004,Bakken Central,North Dakota,Horizontal Oil,Producing,266.2,838.4,350.5,4627.42,721.95,71.12,2.93,19228.72,1.6,93.3,37.1,4
2025-03-20,W-005,Bakken North,North Dakota,Horizontal Oil,Producing,340.7,1039.0,203.5,5943.16,361.77,71.12,2.93,24592.35,1.3,94.7,39.6,4
2025-03-20,W-006,Delaware Basin,New Mexico,Oil & Gas,Producing,305.8,1029.4,316.1,6226.9,616.67,71.12,2.93,22109.3,1.2,95.7,38.1,8
2025-03-20,W-007,Permian North,West Texas,Horizontal Oil,Producing,599.3,1670.3,682.3,9491.58,325.97,71.12,2.93,43209.03,1.3,94.5,39.4,3
2025-03-20,W-008,Permian South,West Texas,Horizontal Oil,Producing,336.2,481.2,191.7,6944.27,162.97,71.12,2.93,24075.59,0.8,95.0,33.6,3
2025-03-20,W-009,Eagle Ford,South Texas,Horizontal Oil,Producing,232.7,591.0,231.4,5221.1,186.2,71.12,2.93,16758.3,0.7,94.5,35.6,2
2025-03-20,W-010,Bakken Central,North Dakota,Horizontal Oil,Producing,283.5,395.7,372.8,5047.21,542.06,71.12,2.93,20300.42,0.6,95.4,34.2,10
2025-03-20,W-011,Bakken North,North Dakota,Horizontal Oil,Producing,440.8,1042.7,464.2,8187.62,361.29,71.12,2.93,31716.13,0,100,37.4,8
2025-03-20,W-012,Delaware Basin,New Mexico,Oil & Gas,Maintenance,177.7,427.8,223.3,3543.43,4543.93,71.12,2.93,12786.11,7.7,65.4,34.5,9
2025-03-20,W-013,Permian North,West Texas,Horizontal Oil,Producing,575.6,944.2,664.0,11390.58,430.11,71.12,2.93,41263.59,1.4,93.9,39.5,4
2025-03-20,W-014,Permian South,West Texas,Horizontal Oil,Producing,514.2,1186.1,546.8,8533.44,758.28,71.12,2.93,36983.29,1.6,93.4,40.3,4
2025-03-20,W-015,Eagle Ford,South Texas,Horizontal Oil,Producing,276.3,456.0,294.5,5193.21,774.31,71.12,2.93,19808.34,2.1,88.6,35.6,2
2025-03-20,W-016,Bakken Central,North Dakota,Oil & Gas,Maintenance,311.3,451.7,388.0,5552.29,14217.43,71.12,2.93,22295.17,6.4,72.9,33.0,6
2025-03-20,W-017,Bakken North,North Dakota,Horizontal Oil,Maintenance,125.2,330.6,138.7,2538.35,11639.86,71.12,2.93,9020.93,17.3,53.4,34.2,11
2025-03-20,W-018,Delaware Basin,New Mexico,Horizontal Oil,Producing,423.5,1149.4,429.9,7751.79,231.34,71.12,2.93,30518.85,2.0,89.0,33.1,11
2025-03-21,W-001,Permian North,West Texas,Horizontal Oil,Producing,252.8,371.0,179.8,4915.98,361.65,66.05,2.98,16829.76,0.6,94.9,33.9,5
2025-03-21,W-002,Permian South,West Texas,Horizontal Oil,Producing,533.8,622.6,551.3,10034.08,424.55,66.05,2.98,35483.26,1.8,89.7,39.1,2
2025-03-21,W-003,Eagle Ford,South Texas,Horizontal Oil,Maintenance,258.8,804.9,183.7,5614.17,15410.41,66.05,2.98,17378.88,18.1,54.7,31.4,7
2025-03-21,W-004,Bakken Central,North Dakota,Horizontal Oil,Producing,247.2,627.9,248.0,5065.73,508.88,66.05,2.98,16551.25,1.1,93.1,37.1,4
2025-03-21,W-005,Bakken North,North Dakota,Horizontal Oil,Producing,361.2,674.8,343.1,7356.49,466.31,66.05,2.98,24100.87,0.1,97.5,39.6,4
2025-03-21,W-006,Delaware Basin,New Mexico,Oil & Gas,Producing,315.2,923.0,341.5,6404.88,185.81,66.05,2.98,21146.84,1.6,89.6,38.1,8
2025-03-21,W-007,Permian North,West Texas,Horizontal Oil,Maintenance,543.5,940.7,298.9,9474.01,17398.73,66.05,2.98,36235.76,3.0,84.4,39.4,3
2025-03-21,W-008,Permian South,West Texas,Horizontal Oil,Producing,365.5,1218.2,417.9,6327.57,622.9,66.05,2.98,24575.7,0.4,95.9,33.6,3
2025-03-21,W-009,Eagle Ford,South Texas,Horizontal Oil,Maintenance,195.6,420.7,253.5,5229.64,4365.04,66.05,2.98,13070.53,4.4,81.0,35.6,2
2025-03-21,W-010,Bakken Central,North Dakota,Horizontal Oil,Producing,314.8,472.7,201.5,6153.49,809.15,66.05,2.98,20963.08,1.2,94.5,34.2,10
2025-03-21,W-011,Bakken North,North Dakota,Horizontal Oil,Producing,390.3,934.8,234.4,7278.48,418.03,66.05,2.98,26110.84,0,97.9,37.4,8
2025-03-21,W-012,Delaware Basin,New Mexico,Oil & Gas,Maintenance,143.6,215.8,80.5,3776.78,17371.15,66.05,2.98,9564.25,10.6,56.0,34.5,9
2025-03-21,W-013,Permian North,West Texas,Horizontal Oil,Producing,530.1,1401.4,700.0,8413.61,748.28,66.05,2.98,35512.34,0.7,98.0,39.5,4
2025-03-21,W-014,Permian South,West Texas,Horizontal Oil,Maintenance,319.1,761.2,354.9,6885.63,14009.15,66.05,2.98,21348.54,13.3,53.6,40.3,4
2025-03-21,W-015,Eagle Ford,South Texas,Horizontal Oil,Producing,304.7,910.4,300.4,6162.96,680.96,66.05,2.98,20453.43,0.3,97.5,35.6,2
2025-03-21,W-016,Bakken Central,North Dakota,Oil & Gas,Producing,445.3,871.0,595.3,8112.26,638.13,66.05,2.98,29726.27,0.3,99.2,33.0,6
2025-03-21,W-017,Bakken North,North Dakota,Horizontal Oil,Producing,222.6,736.9,137.8,3788.88,839.78,66.05,2.98,14963.47,0.2,98.4,34.2,11
2025-03-21,W-018,Delaware Basin,New Mexico,Horizontal Oil,Producing,538.1,1017.1,691.3,10742.89,373.32,66.05,2.98,35908.56,0,99.2,33.1,11
2025-03-22,W-001,Permian North,West Texas,Horizontal Oil,Producing,279.9,818.1,338.7,5488.54,804.58,68.75,3.02,19542.06,0,100,33.9,5
2025-03-22,W-002,Permian South,West Texas,Horizontal Oil,Producing,574.1,1358.3,748.5,11199.97,730.18,68.75,3.02,39959.64,0,98.4,39.1,2
2025-03-22,W-003,Eagle Ford,South Texas,Horizontal Oil,Producing,463.9,908.5,602.8,9008.65,275.26,68.75,3.02,32217.41,0.7,94.9,31.4,7
2025-03-22,W-004,Bakken Central,North Dakota,Horizontal Oil,Producing,277.6,595.1,338.0,5550.56,100.48,68.75,3.02,19301.09,0.8,96.6,37.1,4
2025-03-22,W-005,Bakken North,North Dakota,Horizontal Oil,Producing,352.1,504.1,214.0,7213.49,424.9,68.75,3.02,24384.96,0.4,98.5,39.6,4
2025-03-22,W-006,Delaware Basin,New Mexico,Oil & Gas,Producing,279.8,327.8,181.0,5161.07,157.07,68.75,3.02,19351.69,2.0,89.2,38.1,8
2025-03-22,W-007,Permian North,West Texas,Horizontal Oil,Producing,624.3,1200.0,544.6,11217.11,410.2,68.75,3.02,43350.28,1.6,90.6,39.4,3
2025-03-22,W-008,Permian South,West Texas,Horizontal Oil,Producing,369.8,442.4,348.8,5653.17,124.83,68.75,3.02,25584.4,0.0,99.5,33.6,3
2025-03-22,W-009,Eagle Ford,South Texas,Horizontal Oil,Producing,247.0,577.9,155.2,5474.49,380.84,68.75,3.02,17189.03,0.3,99.6,35.6,2
2025-03-22,W-010,Bakken Central,North Dakota,Horizontal Oil,Producing,295.2,939.7,274.5,5142.54,679.42,68.75,3.02,20632.8,1.0,95.4,34.2,10
2025-03-22,W-011,Bakken North,North Dakota,Horizontal Oil,Producing,407.7,1150.7,302.9,8111.77,347.85,68.75,3.02,28441.74,0.8,96.6,37.4,8
2025-03-22,W-012,Delaware Basin,New Mexico,Oil & Gas,Producing,227.3,317.1,281.9,5419.52,455.54,68.75,3.02,15739.8,1.0,94.4,34.5,9
2025-03-22,W-013,Permian North,West Texas,Horizontal Oil,Producing,548.7,1093.4,707.8,9559.11,568.53,68.75,3.02,38115.52,1.6,92.9,39.5,4
2025-03-22,W-014,Permian South,West Texas,Horizontal Oil,Producing,487.5,861.7,397.4,7261.65,769.9,68.75,3.02,33825.5,1.3,91.7,40.3,4
2025-03-22,W-015,Eagle Ford,South Texas,Horizontal Oil,Producing,284.3,820.0,339.9,6676.94,135.1,68.75,3.02,19843.33,0.4,95.3,35.6,2
2025-03-22,W-016,Bakken Central,North Dakota,Oil & Gas,Producing,420.8,893.3,467.4,8012.12,211.36,68.75,3.02,29252.57,0.2,98.9,33.0,6
2025-03-22,W-017,Bakken North,North Dakota,Horizontal Oil,Producing,230.5,485.8,194.4,4406.99,520.14,68.75,3.02,16022.61,0,99.5,34.2,11
2025-03-22,W-018,Delaware Basin,New Mexico,Horizontal Oil,Producing,455.2,1084.3,404.2,6748.58,858.93,68.75,3.02,31688.73,1.5,91.7,33.1,11
2025-03-23,W-001,Permian North,West Texas,Horizontal Oil,Producing,254.8,351.2,173.2,5222.3,456.88,70.12,2.8,17986.23,1.8,93.4,33.9,5
2025-03-23,W-002,Permian South,West Texas,Horizontal Oil,Producing,608.0,928.3,535.4,10663.9,217.91,70.12,2.8,42945.65,0.8,93.4,39.1,2
2025-03-23,W-003,Eagle Ford,South Texas,Horizontal Oil,Producing,395.2,489.2,466.5,6685.33,568.46,70.12,2.8,27872.32,1.1,91.6,31.4,7
2025-03-23,W-004,Bakken Central,North Dakota,Horizontal Oil,Producing,273.0,803.3,191.3,5084.76,179.24,70.12,2.8,19410.12,2.0,89.8,37.1,4
2025-03-23,W-005,Bakken North,North Dakota,Horizontal Oil,Producing,351.1,1035.3,234.1,5712.43,788.95,70.12,2.8,24964.67,2.2,87.5,39.6,4
2025-03-23,W-006,Delaware Basin,New Mexico,Oil & Gas,Producing,294.1,833.1,359.3,5126.21,309.97,70.12,2.8,20901.28,1.8,89.1,38.1,8
2025-03-23,W-007,Permian North,West Texas,Horizontal Oil,Producing,699.9,2026.6,400.4,13000.44,412.62,70.12,2.8,49756.81,0.7,96.1,39.4,3
2025-03-23,W-008,Permian South,West Texas,Horizontal Oil,Producing,357.6,1043.4,450.9,7286.71,225.83,70.12,2.8,25421.87,0.8,95.7,33.6,3
2025-03-23,W-009,Eagle Ford,South Texas,Horizontal Oil,Producing,262.7,550.4,151.0,4176.24,813.32,70.12,2.8,18603.4,0.4,95.1,35.6,2
2025-03-23,W-010,Bakken Central,North Dakota,Horizontal Oil,Producing,303.0,895.6,389.0,5287.98,361.67,70.12,2.8,21547.26,0.3,96.3,34.2,10
2025-03-23,W-011,Bakken North,North Dakota,Horizontal Oil,Producing,401.1,797.3,500.1,7931.87,838.76,70.12,2.8,28388.72,1.4,93.2,37.4,8
2025-03-23,W-012,Delaware Basin,New Mexico,Oil & Gas,Producing,240.8,536.0,198.4,4963.09,301.27,70.12,2.8,17062.44,0,97.3,34.5,9
2025-03-23,W-013,Permian North,West Texas,Horizontal Oil,Producing,539.2,1229.9,431.6,11076.99,552.81,70.12,2.8,38217.13,0.4,96.1,39.5,4
2025-03-23,W-014,Permian South,West Texas,Horizontal Oil,Producing,511.8,873.7,455.0,9942.72,812.44,70.12,2.8,36180.06,1.2,91.9,40.3,4
2025-03-23,W-015,Eagle Ford,South Texas,Horizontal Oil,Producing,304.8,817.0,255.8,5912.01,738.42,70.12,2.8,21646.29,0,98.9,35.6,2
2025-03-23,W-016,Bakken Central,North Dakota,Oil & Gas,Producing,446.1,701.8,527.3,8325.8,617.98,70.12,2.8,31513.91,0.5,96.4,33.0,6
2025-03-23,W-017,Bakken North,North Dakota,Horizontal Oil,Producing,227.5,391.9,228.5,4259.29,584.79,70.12,2.8,16082.5,0,97.3,34.2,11
2025-03-23,W-018,Delaware Basin,New Mexico,Horizontal Oil,Producing,429.2,658.6,556.8,8863.79,892.68,70.12,2.8,30313.84,1.7,91.9,33.1,11
2025-03-24,W-001,Permian North,West Texas,Horizontal Oil,Producing,221.1,460.8,295.3,4530.41,409.51,63.52,2.98,14210.42,1.8,89.4,33.9,5
2025-03-24,W-002,Permian South,West Texas,Horizontal Oil,Producing,553.8,1688.2,427.5,9775.63,727.1,63.52,2.98,35777.91,0,100,39.1,2
2025-03-24,W-003,Eagle Ford,South Texas,Horizontal Oil,Producing,395.2,1244.9,396.5,6098.82,599.49,63.52,2.98,25546.63,1.9,89.7,31.4,7
2025-03-24,W-004,Bakken Central,North Dakota,Horizontal Oil,Producing,273.3,468.3,271.1,5350.67,542.97,63.52,2.98,17525.93,0.9,93.9,37.1,4
2025-03-24,W-005,Bakken North,North Dakota,Horizontal Oil,Producing,371.9,1115.0,265.0,7539.27,172.94,63.52,2.98,24022.44,1.9,91.8,39.6,4
2025-03-24,W-006,Delaware Basin,New Mexico,Oil & Gas,Producing,300.4,914.5,218.3,5340.2,238.83,63.52,2.98,19405.71,0.7,94.3,38.1,8
2025-03-24,W-007,Permian North,West Texas,Horizontal Oil,Producing,602.0,1089.3,610.2,10577.32,270.71,63.52,2.98,38623.59,1.7,89.7,39.4,3
2025-03-24,W-008,Permian South,West Texas,Horizontal Oil,Producing,368.2,730.7,383.7,6647.19,317.38,63.52,2.98,23648.9,0.6,97.9,33.6,3
2025-03-24,W-009,Eagle Ford,South Texas,Horizontal Oil,Producing,267.9,617.5,216.4,5515.58,770.58,63.52,2.98,17236.59,0,99.0,35.6,2
2025-03-24,W-010,Bakken Central,North Dakota,Horizontal Oil,Producing,312.6,615.4,369.0,5024.51,424.08,63.52,2.98,20076.06,0.5,95.2,34.2,10
2025-03-24,W-011,Bakken North,North Dakota,Horizontal Oil,Producing,405.6,1006.3,375.5,6615.59,295.26,63.52,2.98,26121.44,0,99.5,37.4,8
2025-03-24,W-012,Delaware Basin,New Mexico,Oil & Gas,Producing,241.6,477.4,227.7,5559.63,171.57,63.52,2.98,15513.35,1.0,93.2,34.5,9
2025-03-24,W-013,Permian North,West Texas,Horizontal Oil,Producing,555.9,1886.5,518.6,8865.03,616.01,63.52,2.98,35985.05,0.0,99.0,39.5,4
2025-03-24,W-014,Permian South,West Texas,Horizontal Oil,Producing,487.7,1389.7,303.3,9631.61,656.25,63.52,2.98,31472.52,2.1,87.8,40.3,4
2025-03-24,W-015,Eagle Ford,South Texas,Horizontal Oil,Producing,339.2,726.7,266.1,7125.66,832.77,63.52,2.98,21806.65,0,97.1,35.6,2
2025-03-24,W-016,Bakken Central,North Dakota,Oil & Gas,Producing,410.7,501.0,440.9,8378.11,853.21,63.52,2.98,26262.19,0.2,96.1,33.0,6
2025-03-24,W-017,Bakken North,North Dakota,Horizontal Oil,Producing,238.2,752.3,176.0,4868.81,670.02,63.52,2.98,15399.12,0.7,93.5,34.2,11
2025-03-24,W-018,Delaware Basin,New Mexico,Horizontal Oil,Producing,452.7,979.6,524.6,8428.6,845.72,63.52,2.98,29104.78,1.0,93.2,33.1,11
2025-03-25,W-001,Permian North,West Texas,Horizontal Oil,Producing,249.8,286.7,238.2,3842.94,138.68,66.68,3.23,16770.21,0.9,93.2,33.9,5
2025-03-25,W-002,Permian South,West Texas,Horizontal Oil,Producing,561.5,978.4,419.3,8447.49,298.57,66.68,3.23,37824.54,1.8,91.8,39.1,2
2025-03-25,W-003,Eagle Ford,South Texas,Horizontal Oil,Producing,418.6,823.8,230.4,8071.97,642.02,66.68,3.23,28232.85,0,98.0,31.4,7
2025-03-25,W-004,Bakken Central,North Dakota,Horizontal Oil,Producing,302.8,989.9,252.2,6005.02,699.47,66.68,3.23,20572.05,0,99.8,37.1,4
2025-03-25,W-005,Bakken North,North Dakota,Horizontal Oil,Producing,355.8,803.2,338.0,6934.6,579.84,66.68,3.23,24038.65,1.4,92.1,39.6,4
2025-03-25,W-006,Delaware Basin,New Mexico,Oil & Gas,Producing,324.0,634.8,259.7,5041.19,448.43,66.68,3.23,21852.15,0.1,98.8,38.1,8
2025-03-25,W-007,Permian North,West Texas,Horizontal Oil,Producing,711.5,2076.4,817.8,12467.12,295.59,66.68,3.23,48251.7,0.3,94.9,39.4,3
2025-03-25,W-008,Permian South,West Texas,Horizontal Oil,Producing,360.8,782.9,453.1,6594.16,141.08,66.68,3.23,24362.87,0,100,33.6,3
2025-03-25,W-009,Eagle Ford,South Texas,Horizontal Oil,Producing,261.2,464.8,154.8,5120.09,622.75,66.68,3.23,17597.92,1.1,93.7,35.6,2
2025-03-25,W-010,Bakken Central,North Dakota,Horizontal Oil,Producing,305.0,990.8,379.8,5449.31,254.78,66.68,3.23,20725.42,0.2,99.8,34.2,10
2025-03-25,W-011,Bakken North,North Dakota,Horizontal Oil,Producing,430.2,617.7,481.4,6659.19,274.96,66.68,3.23,28928.39,1.6,92.0,37.4,8
2025-03-25,W-012,Delaware Basin,New Mexico,Oil & Gas,Maintenance,157.6,340.3,165.1,2835.45,10513.46,66.68,3.23,10642.64,10.1,56.0,34.5,9
2025-03-25,W-013,Permian North,West Texas,Horizontal Oil,Producing,523.9,1515.3,593.5,8896.21,874.5,66.68,3.23,35522.04,0,100,39.5,4
2025-03-25,W-014,Permian South,West Texas,Horizontal Oil,Producing,541.1,1142.7,610.4,8502.41,832.0,66.68,3.23,36526.74,0.9,92.8,40.3,4
2025-03-25,W-015,Eagle Ford,South Texas,Horizontal Oil,Producing,297.7,980.4,210.1,5939.87,760.74,66.68,3.23,20230.88,0.6,94.3,35.6,2
2025-03-25,W-016,Bakken Central,North Dakota,Oil & Gas,Producing,410.6,1316.7,226.0,6548.09,312.41,66.68,3.23,27887.62,0.9,94.7,33.0,6
2025-03-25,W-017,Bakken North,North Dakota,Horizontal Oil,Maintenance,135.8,438.3,128.3,2740.05,16440.78,66.68,3.23,9226.19,11.4,54.5,34.2,11
2025-03-25,W-018,Delaware Basin,New Mexico,Horizontal Oil,Producing,443.7,1058.1,559.6,8698.97,631.95,66.68,3.23,29996.62,2.0,90.4,33.1,11
2025-03-26,W-001,Permian North,West Texas,Horizontal Oil,Producing,267.1,789.0,313.2,5046.56,447.1,63.52,2.86,17236.27,0,97.4,33.9,5
2025-03-26,W-002,Permian South,West Texas,Horizontal Oil,Producing,647.2,788.3,662.3,12296.85,759.26,63.52,2.86,41381.93,0.1,98.4,39.1,2
2025-03-26,W-003,Eagle Ford,South Texas,Horizontal Oil,Producing,380.2,1254.3,350.3,6006.45,533.77,63.52,2.86,24579.49,2.8,86.4,31.4,7
2025-03-26,W-004,Bakken Central,North Dakota,Horizontal Oil,Producing,258.4,380.8,241.6,5141.99,351.17,63.52,2.86,16543.42,0.2,99.6,37.1,4
2025-03-26,W-005,Bakken North,North Dakota,Horizontal Oil,Producing,386.1,561.5,358.5,6383.6,194.58,63.52,2.86,24717.93,1.1,92.7,39.6,4
2025-03-26,W-006,Delaware Basin,New Mexico,Oil & Gas,Producing,337.5,685.8,414.9,6005.07,231.92,63.52,2.86,21672.43,0,96.8,38.1,8
2025-03-26,W-007,Permian North,West Texas,Horizontal Oil,Producing,639.1,824.9,393.5,11550.92,532.3,63.52,2.86,40881.96,0.9,94.8,39.4,3
2025-03-26,W-008,Permian South,West Texas,Horizontal Oil,Producing,338.0,1142.9,186.5,5356.16,886.96,63.52,2.86,21862.41,2.2,88.9,33.6,3
2025-03-26,W-009,Eagle Ford,South Texas,Horizontal Oil,Producing,264.0,507.3,266.0,4958.48,364.11,63.52,2.86,16942.43,0.5,94.2,35.6,2
2025-03-26,W-010,Bakken Central,North Dakota,Horizontal Oil,Producing,300.0,462.7,205.8,5858.35,186.03,63.52,2.86,19216.96,1.9,91.1,34.2,10
2025-03-26,W-011,Bakken North,North Dakota,Horizontal Oil,Producing,414.7,1249.5,322.5,6504.93,307.99,63.52,2.86,26770.95,0.7,96.3,37.4,8
2025-03-26,W-012,Delaware Basin,New Mexico,Oil & Gas,Producing,248.4,291.6,306.0,5373.09,748.22,63.52,2.86,15879.32,1.7,90.9,34.5,9
2025-03-26,W-013,Permian North,West Texas,Horizontal Oil,Producing,517.0,1407.7,450.2,9700.35,887.68,63.52,2.86,33321.9,1.4,91.9,39.5,4
2025-03-26,W-014,Permian South,West Texas,Horizontal Oil,Producing,497.9,638.6,507.9,7379.75,459.14,63.52,2.86,31843.77,0.8,93.5,40.3,4
2025-03-26,W-015,Eagle Ford,South Texas,Horizontal Oil,Producing,312.7,838.6,316.9,6507.75,198.09,63.52,2.86,20150.66,1.3,93.8,35.6,2
2025-03-26,W-016,Bakken Central,North Dakota,Oil & Gas,Producing,478.5,757.2,444.3,6613.54,253.19,63.52,2.86,30655.87,0,96.3,33.0,6
2025-03-26,W-017,Bakken North,North Dakota,Horizontal Oil,Maintenance,120.2,183.8,114.0,2894.5,13491.7,63.52,2.86,7698.17,19.1,53.7,34.2,11
2025-03-26,W-018,Delaware Basin,New Mexico,Horizontal Oil,Producing,479.8,1594.6,426.0,8457.51,553.25,63.52,2.86,31025.72,0.5,97.4,33.1,11
2025-03-27,W-001,Permian North,West Texas,Horizontal Oil,Producing,280.6,404.4,352.9,5016.16,865.65,69.74,2.96,19714.56,0.0,100,33.9,5
2025-03-27,W-002,Permian South,West Texas,Horizontal Oil,Producing,559.2,1606.6,590.1,10958.43,398.42,69.74,2.96,39567.24,1.3,90.8,39.1,2
2025-03-27,W-003,Eagle Ford,South Texas,Horizontal Oil,Producing,408.3,761.5,439.7,8328.18,524.7,69.74,2.96,28745.63,1.2,95.4,31.4,7
2025-03-27,W-004,Bakken Central,North Dakota,Horizontal Oil,Producing,286.1,717.5,256.9,6402.14,463.96,69.74,2.96,20203.35,0,99.6,37.1,4
2025-03-27,W-005,Bakken North,North Dakota,Horizontal Oil,Producing,354.1,660.4,310.2,7108.36,479.61,69.74,2.96,24929.85,0,100,39.6,4
2025-03-27,W-006,Delaware Basin,New Mexico,Oil & Gas,Producing,348.6,871.6,256.1,6207.95,459.42,69.74,2.96,24619.27,0.5,95.5,38.1,8
2025-03-27,W-007,Permian North,West Texas,Horizontal Oil,Producing,682.9,1150.4,520.6,11252.21,861.61,69.74,2.96,48034.23,1.4,92.5,39.4,3
2025-03-27,W-008,Permian South,West Texas,Horizontal Oil,Producing,345.2,1140.8,411.4,6342.44,537.24,69.74,2.96,24476.9,0.9,94.4,33.6,3
2025-03-27,W-009,Eagle Ford,South Texas,Horizontal Oil,Producing,237.5,428.5,244.7,4713.2,270.73,69.74,2.96,16715.01,2.2,90.2,35.6,2
2025-03-27,W-010,Bakken Central,North Dakota,Horizontal Oil,Producing,283.8,465.5,380.7,5241.06,536.05,69.74,2.96,19956.98,0.4,95.4,34.2,10
2025-03-27,W-011,Bakken North,North Dakota,Horizontal Oil,Producing,423.4,485.9,276.9,8026.93,625.97,69.74,2.96,29700.48,1.8,91.9,37.4,8
2025-03-27,W-012,Delaware Basin,New Mexico,Oil & Gas,Producing,260.8,409.3,177.6,4912.96,347.59,69.74,2.96,18333.57,1.4,93.0,34.5,9
2025-03-27,W-013,Permian North,West Texas,Horizontal Oil,Producing,532.3,1629.8,294.2,8696.94,735.54,69.74,2.96,37696.23,2.9,88.6,39.5,4
2025-03-27,W-014,Permian South,West Texas,Horizontal Oil,Producing,472.8,1010.9,306.0,9605.55,472.24,69.74,2.96,33332.04,1.8,89.4,40.3,4
2025-03-27,W-015,Eagle Ford,South Texas,Horizontal Oil,Producing,322.0,615.8,277.0,6098.74,680.25,69.74,2.96,22671.68,0.7,97.6,35.6,2
2025-03-27,W-016,Bakken Central,North Dakota,Oil & Gas,Producing,459.0,1314.0,616.7,6902.28,517.67,69.74,2.96,32472.15,1.1,94.9,33.0,6
2025-03-27,W-017,Bakken North,North Dakota,Horizontal Oil,Producing,203.0,382.1,174.8,4096.87,509.94,69.74,2.96,14289.86,2.1,91.3,34.2,11
2025-03-27,W-018,Delaware Basin,New Mexico,Horizontal Oil,Producing,464.3,1191.6,542.7,8611.93,894.42,69.74,2.96,32803.38,0.7,94.3,33.1,11
2025-03-28,W-001,Permian North,West Texas,Horizontal Oil,Producing,255.4,397.9,149.1,4390.48,384.34,63.86,2.71,16440.08,0.9,97.2,33.9,5
2025-03-28,W-002,Permian South,West Texas,Horizontal Oil,Producing,614.9,1264.2,750.2,12964.17,168.18,63.86,2.71,39681.04,0.0,100,39.1,2
2025-03-28,W-003,Eagle Ford,South Texas,Horizontal Oil,Producing,417.0,932.8,561.6,8290.78,599.96,63.86,2.71,26931.4,0.4,94.6,31.4,7
2025-03-28,W-004,Bakken Central,North Dakota,Horizontal Oil,Producing,264.0,479.9,318.8,5048.05,143.93,63.86,2.71,17014.34,0.7,94.7,37.1,4
2025-03-28,W-005,Bakken North,North Dakota,Horizontal Oil,Producing,357.3,518.9,293.7,5978.07,524.77,63.86,2.71,22988.43,1.2,91.6,39.6,4
2025-03-28,W-006,Delaware Basin,New Mexico,Oil & Gas,Producing,303.8,350.0,405.5,5693.97,795.6,63.86,2.71,19511.62,1.3,95.2,38.1,8
2025-03-28,W-007,Permian North,West Texas,Horizontal Oil,Producing,597.3,1020.0,488.0,11333.01,269.85,63.86,2.71,38475.97,1.3,94.6,39.4,3
2025-03-28,W-008,Permian South,West Texas,Horizontal Oil,Producing,346.2,1051.0,342.8,6975.37,749.26,63.86,2.71,22452.31,0.2,97.9,33.6,3
2025-03-28,W-009,Eagle Ford,South Texas,Horizontal Oil,Producing,251.2,448.3,318.1,5071.7,835.07,63.86,2.71,16189.65,0.6,95.6,35.6,2
2025-03-28,W-010,Bakken Central,North Dakota,Horizontal Oil,Producing,294.3,358.9,178.0,6334.99,185.46,63.86,2.71,18908.17,0.2,97.6,34.2,10
2025-03-28,W-011,Bakken North,North Dakota,Horizontal Oil,Producing,404.8,995.4,404.4,7640.93,234.7,63.86,2.71,26175.03,0.2,98.4,37.4,8
2025-03-28,W-012,Delaware Basin,New Mexico,Oil & Gas,Producing,256.9,655.4,144.8,4827.21,235.5,63.86,2.71,16619.32,1.6,94.1,34.5,9
2025-03-28,W-013,Permian North,West Texas,Horizontal Oil,Producing,521.1,1199.9,400.5,10274.07,250.04,63.86,2.71,33665.34,0,98.7,39.5,4
2025-03-28,W-014,Permian South,West Texas,Horizontal Oil,Producing,505.2,1330.5,355.6,8996.06,423.62,63.86,2.71,32692.48,0.7,96.1,40.3,4
2025-03-28,W-015,Eagle Ford,South Texas,Horizontal Oil,Producing,325.5,451.4,288.5,6653.16,882.25,63.86,2.71,20934.74,0.7,95.2,35.6,2
2025-03-28,W-016,Bakken Central,North Dakota,Oil & Gas,Producing,401.7,560.2,280.1,7053.65,636.82,63.86,2.71,25831.58,1.4,91.0,33.0,6
2025-03-28,W-017,Bakken North,North Dakota,Horizontal Oil,Maintenance,130.8,363.8,143.5,2474.74,17370.7,63.86,2.71,8470.42,22.0,54.4,34.2,11
2025-03-28,W-018,Delaware Basin,New Mexico,Horizontal Oil,Producing,453.5,610.3,324.3,7406.57,728.48,63.86,2.71,29156.11,0.5,98.3,33.1,11
2025-03-29,W-001,Permian North,West Texas,Horizontal Oil,Producing,250.4,530.7,178.1,4790.36,382.54,62.22,2.85,15760.29,1.5,94.1,33.9,5
2025-03-29,W-002,Permian South,West Texas,Horizontal Oil,Producing,637.7,1343.1,479.4,10576.68,725.11,62.22,2.85,40139.58,0.3,98.9,39.1,2
2025-03-29,W-003,Eagle Ford,South Texas,Horizontal Oil,Producing,454.1,712.4,289.9,7629.75,241.65,62.22,2.85,28499.41,0.0,99.8,31.4,7
2025-03-29,W-004,Bakken Central,North Dakota,Horizontal Oil,Producing,269.2,483.9,196.4,4980.22,771.57,62.22,2.85,16919.01,0.8,97.5,37.1,4
2025-03-29,W-005,Bakken North,North Dakota,Horizontal Oil,Producing,374.8,790.0,246.2,7651.25,407.67,62.22,2.85,23592.56,0.5,98.8,39.6,4
2025-03-29,W-006,Delaware Basin,New Mexico,Oil & Gas,Producing,312.7,610.7,235.7,5538.04,513.18,62.22,2.85,19666.0,0.5,95.5,38.1,8
2025-03-29,W-007,Permian North,West Texas,Horizontal Oil,Producing,614.8,2029.6,390.8,11751.8,295.44,62.22,2.85,38946.33,0.5,98.7,39.4,3
2025-03-29,W-008,Permian South,West Texas,Horizontal Oil,Producing,366.7,1180.7,385.7,7438.85,866.9,62.22,2.85,23218.03,1.4,91.9,33.6,3
2025-03-29,W-009,Eagle Ford,South Texas,Horizontal Oil,Producing,257.8,620.3,142.1,4340.94,345.07,62.22,2.85,16251.12,0,99.8,35.6,2
2025-03-29,W-010,Bakken Central,North Dakota,Horizontal Oil,Producing,300.0,792.1,395.5,5528.34,403.94,62.22,2.85,18935.49,1.2,94.2,34.2,10
2025-03-29,W-011,Bakken North,North Dakota,Horizontal Oil,Producing,412.6,1268.0,344.8,8139.91,494.52,62.22,2.85,26109.62,0,98.2,37.4,8
2025-03-29,W-012,Delaware Basin,New Mexico,Oil & Gas,Producing,268.5,438.2,333.8,4672.7,896.76,62.22,2.85,16857.68,0.7,93.6,34.5,9
2025-03-29,W-013,Permian North,West Texas,Horizontal Oil,Producing,602.7,1274.7,396.9,10920.84,177.48,62.22,2.85,37937.2,0.5,95.3,39.5,4
2025-03-29,W-014,Permian South,West Texas,Horizontal Oil,Producing,560.8,1764.6,709.1,8967.79,589.42,62.22,2.85,35497.83,0,96.5,40.3,4
2025-03-29,W-015,Eagle Ford,South Texas,Horizontal Oil,Producing,293.3,826.1,381.5,5311.96,321.67,62.22,2.85,18531.61,2.1,88.4,35.6,2
2025-03-29,W-016,Bakken Central,North Dakota,Oil & Gas,Producing,433.5,1466.0,514.3,8171.86,502.96,62.22,2.85,27472.35,0.6,94.7,33.0,6
2025-03-29,W-017,Bakken North,North Dakota,Horizontal Oil,Producing,208.8,564.0,270.9,4645.1,231.44,62.22,2.85,13183.3,0,99.7,34.2,11
2025-03-29,W-018,Delaware Basin,New Mexico,Horizontal Oil,Producing,478.6,1431.6,352.9,6913.56,761.82,62.22,2.85,30267.7,0,97.0,33.1,11
2025-03-30,W-001,Permian North,West Texas,Horizontal Oil,Producing,252.2,295.7,285.2,5115.3,705.27,63.9,2.86,16218.7,1.1,95.2,33.9,5
2025-03-30,W-002,Permian South,West Texas,Horizontal Oil,Producing,634.0,929.3,540.4,9369.07,240.08,63.9,2.86,40829.56,0,100,39.1,2
2025-03-30,W-003,Eagle Ford,South Texas,Horizontal Oil,Producing,397.4,581.1,241.9,7249.4,659.75,63.9,2.86,25593.67,1.3,91.6,31.4,7
2025-03-30,W-004,Bakken Central,North Dakota,Horizontal Oil,Producing,277.5,880.3,284.0,6054.72,364.04,63.9,2.86,18035.0,0.4,96.6,37.1,4
2025-03-30,W-005,Bakken North,North Dakota,Horizontal Oil,Producing,390.3,1022.2,282.0,6661.66,769.35,63.9,2.86,25290.23,0,98.2,39.6,4
2025-03-30,W-006,Delaware Basin,New Mexico,Oil & Gas,Producing,349.5,1056.2,247.1,6361.13,471.89,63.9,2.86,22696.79,0,96.5,38.1,8
2025-03-30,W-007,Permian North,West Texas,Horizontal Oil,Producing,712.9,992.1,422.8,13097.8,785.74,63.9,2.86,45896.08,0,98.8,39.4,3
2025-03-30,W-008,Permian South,West Texas,Horizontal Oil,Producing,381.1,465.5,264.4,8268.53,292.39,63.9,2.86,24512.47,0.1,95.9,33.6,3
2025-03-30,W-009,Eagle Ford,South Texas,Horizontal Oil,Producing,257.3,327.0,252.5,4571.55,174.83,63.9,2.86,16555.68,0,97.3,35.6,2
2025-03-30,W-010,Bakken Central,North Dakota,Horizontal Oil,Producing,296.9,898.8,196.5,6214.99,171.51,63.9,2.86,19280.2,0.9,93.1,34.2,10
2025-03-30,W-011,Bakken North,North Dakota,Horizontal Oil,Producing,409.3,1046.8,251.3,8012.97,645.07,63.9,2.86,26510.49,0.6,98.4,37.4,8
2025-03-30,W-012,Delaware Basin,New Mexico,Oil & Gas,Producing,229.2,602.7,130.5,4588.6,358.0,63.9,2.86,14853.76,0.9,96.0,34.5,9
2025-03-30,W-013,Permian North,West Texas,Horizontal Oil,Producing,558.4,720.3,392.2,10770.67,726.92,63.9,2.86,35925.44,0.8,95.4,39.5,4
2025-03-30,W-014,Permian South,West Texas,Horizontal Oil,Producing,531.7,1464.5,712.9,9046.1,735.75,63.9,2.86,34479.32,1.1,94.0,40.3,4
2025-03-30,W-015,Eagle Ford,South Texas,Horizontal Oil,Producing,304.9,447.1,300.8,5494.82,532.01,63.9,2.86,19635.62,0,97.4,35.6,2
2025-03-30,W-016,Bakken Central,North Dakota,Oil & Gas,Producing,452.4,798.4,473.9,6534.92,132.31,63.9,2.86,29185.13,0.9,94.5,33.0,6
2025-03-30,W-017,Bakken North,North Dakota,Horizontal Oil,Maintenance,114.9,195.4,85.8,2532.41,8102.73,63.9,2.86,7408.38,14.0,54.2,34.2,11
2025-03-30,W-018,Delaware Basin,New Mexico,Horizontal Oil,Producing,490.7,1175.3,362.5,7474.66,282.28,63.9,2.86,31761.33,0.3,96.4,33.1,11
2025-03-31,W-001,Permian North,West Texas,Horizontal Oil,Producing,228.9,627.8,240.3,3641.67,428.15,63.71,2.75,14788.8,1.0,96.1,33.9,5
2025-03-31,W-002,Permian South,West Texas,Horizontal Oil,Producing,611.9,1780.1,344.9,11376.0,850.88,63.71,2.75,39573.13,0.0,100,39.1,2
2025-03-31,W-003,Eagle Ford,South Texas,Horizontal Oil,Producing,392.9,542.8,339.2,7916.96,544.63,63.71,2.75,25212.57,1.4,92.9,31.4,7
2025-03-31,W-004,Bakken Central,North Dakota,Horizontal Oil,Maintenance,148.0,454.6,102.4,3637.61,16928.95,63.71,2.75,9581.97,14.5,54.2,37.1,4
2025-03-31,W-005,Bakken North,North Dakota,Horizontal Oil,Producing,384.7,890.7,231.3,6136.19,152.42,63.71,2.75,24804.04,1.0,95.3,39.6,4
2025-03-31,W-006,Delaware Basin,New Mexico,Oil & Gas,Producing,326.8,862.8,370.8,5640.99,294.17,63.71,2.75,21106.93,0.7,95.2,38.1,8
2025-03-31,W-007,Permian North,West Texas,Horizontal Oil,Producing,627.4,1736.6,610.2,9456.85,722.64,63.71,2.75,40543.33,1.3,91.2,39.4,3
2025-03-31,W-008,Permian South,West Texas,Horizontal Oil,Producing,375.0,748.7,312.6,7824.25,793.02,63.71,2.75,24137.19,1.1,91.8,33.6,3
2025-03-31,W-009,Eagle Ford,South Texas,Horizontal Oil,Producing,241.6,641.2,198.6,5044.58,867.37,63.71,2.75,15603.24,0.2,99.7,35.6,2
2025-03-31,W-010,Bakken Central,North Dakota,Horizontal Oil,Maintenance,255.9,523.4,198.0,4647.29,15128.19,63.71,2.75,16474.09,3.7,83.3,34.2,10
2025-03-31,W-011,Bakken North,North Dakota,Horizontal Oil,Producing,398.5,948.1,378.9,6944.79,365.24,63.71,2.75,25703.64,1.0,96.7,37.4,8
2025-03-31,W-012,Delaware Basin,New Mexico,Oil & Gas,Producing,273.8,339.9,301.3,4740.27,146.02,63.71,2.75,17554.01,0,100,34.5,9
2025-03-31,W-013,Permian North,West Texas,Horizontal Oil,Producing,562.8,1078.8,682.6,8720.8,667.1,63.71,2.75,36214.22,1.3,92.7,39.5,4
2025-03-31,W-014,Permian South,West Texas,Horizontal Oil,Producing,503.2,671.8,314.9,9370.82,677.0,63.71,2.75,32282.58,0.5,97.9,40.3,4
2025-03-31,W-015,Eagle Ford,South Texas,Horizontal Oil,Producing,315.8,805.7,223.7,5525.03,358.42,63.71,2.75,20386.82,0.4,95.5,35.6,2
2025-03-31,W-016,Bakken Central,North Dakota,Oil & Gas,Producing,462.6,1278.4,608.3,9275.68,503.91,63.71,2.75,29892.69,0.5,97.7,33.0,6
2025-03-31,W-017,Bakken North,North Dakota,Horizontal Oil,Producing,227.4,463.0,225.6,5452.83,108.54,63.71,2.75,14638.48,0.1,96.5,34.2,11
2025-03-31,W-018,Delaware Basin,New Mexico,Horizontal Oil,Producing,516.1,602.6,327.9,9651.72,202.33,63.71,2.75,33080.04,1.4,93.2,33.1,11
2025-04-01,W-001,Permian North,West Texas,Horizontal Oil,Producing,248.7,435.8,331.5,4511.63,432.41,65.42,2.78,16412.46,0,96.0,33.9,5
2025-04-01,W-002,Permian South,West Texas,Horizontal Oil,Producing,546.7,1064.0,647.1,8049.53,348.98,65.42,2.78,36121.03,1.0,92.3,39.1,2
2025-04-01,W-003,Eagle Ford,South Texas,Horizontal Oil,Producing,435.8,1019.9,318.4,7852.28,770.45,65.42,2.78,28850.59,0,98.9,31.4,7
2025-04-01,W-004,Bakken Central,North Dakota,Horizontal Oil,Producing,269.4,402.0,304.0,5898.29,504.68,65.42,2.78,17757.99,0.6,94.0,37.1,4
2025-04-01,W-005,Bakken North,North Dakota,Horizontal Oil,Producing,351.4,1141.3,388.8,7056.2,515.74,65.42,2.78,23369.74,0.4,96.4,39.6,4
2025-04-01,W-006,Delaware Basin,New Mexico,Oil & Gas,Producing,329.4,839.9,386.2,5872.11,416.4,65.42,2.78,21826.97,1.5,92.0,38.1,8
2025-04-01,W-007,Permian North,West Texas,Horizontal Oil,Producing,581.3,811.6,682.6,7870.97,254.35,65.42,2.78,38298.2,2.0,92.5,39.4,3
2025-04-01,W-008,Permian South,West Texas,Horizontal Oil,Producing,327.4,654.3,411.8,5765.91,121.82,65.42,2.78,21639.21,1.2,91.9,33.6,3
2025-04-01,W-009,Eagle Ford,South Texas,Horizontal Oil,Producing,236.0,354.9,171.1,5330.01,753.92,65.42,2.78,15557.63,0.2,97.7,35.6,2
2025-04-01,W-010,Bakken Central,North Dakota,Horizontal Oil,Producing,286.7,635.5,352.1,5289.44,821.93,65.42,2.78,18969.38,2.0,90.8,34.2,10
2025-04-01,W-011,Bakken North,North Dakota,Horizontal Oil,Producing,438.1,598.6,347.5,8296.47,888.12,65.42,2.78,28857.38,1.1,95.3,37.4,8
2025-04-01,W-012,Delaware Basin,New Mexico,Oil & Gas,Producing,245.4,757.0,314.2,5263.9,425.97,65.42,2.78,16306.56,0.2,96.3,34.5,9
2025-04-01,W-013,Permian North,West Texas,Horizontal Oil,Producing,519.6,1014.4,573.0,7873.31,505.92,65.42,2.78,34328.78,0.5,98.9,39.5,4
2025-04-01,W-014,Permian South,West Texas,Horizontal Oil,Producing,496.2,876.1,500.8,10470.88,462.49,65.42,2.78,32755.1,0.5,95.2,40.3,4
2025-04-01,W-015,Eagle Ford,South Texas,Horizontal Oil,Producing,320.1,1046.0,283.8,6820.27,795.66,65.42,2.78,21287.6,0,99.3,35.6,2
2025-04-01,W-016,Bakken Central,North Dakota,Oil & Gas,Producing,429.6,1223.0,492.7,8231.12,783.36,65.42,2.78,28512.03,1.4,90.8,33.0,6
2025-04-01,W-017,Bakken North,North Dakota,Horizontal Oil,Producing,215.0,551.4,216.1,3971.17,335.53,65.42,2.78,14249.04,1.7,92.8,34.2,11
2025-04-01,W-018,Delaware Basin,New Mexico,Horizontal Oil,Producing,470.7,1375.5,581.5,10138.14,186.68,65.42,2.78,31251.55,1.9,92.3,33.1,11
2025-04-02,W-001,Permian North,West Texas,Horizontal Oil,Producing,252.1,834.4,149.7,4615.76,546.33,64.32,2.71,16488.2,0.9,93.1,33.9,5
2025-04-02,W-002,Permian South,West Texas,Horizontal Oil,Producing,595.5,1227.1,752.2,10702.68,272.73,64.32,2.71,38699.5,0,98.8,39.1,2
2025-04-02,W-003,Eagle Ford,South Texas,Horizontal Oil,Producing,422.4,1108.2,539.1,8741.55,516.17,64.32,2.71,27527.88,0.9,95.6,31.4,7
2025-04-02,W-004,Bakken Central,North Dakota,Horizontal Oil,Producing,237.2,707.7,184.5,3754.91,425.98,64.32,2.71,15488.37,1.9,91.5,37.1,4
2025-04-02,W-005,Bakken North,North Dakota,Horizontal Oil,Producing,354.5,414.4,423.2,7066.12,710.48,64.32,2.71,22936.37,1.6,92.1,39.6,4
2025-04-02,W-006,Delaware Basin,New Mexico,Oil & Gas,Producing,338.9,445.7,335.7,6353.91,604.28,64.32,2.71,21943.26,0.2,99.8,38.1,8
2025-04-02,W-007,Permian North,West Texas,Horizontal Oil,Producing,632.0,1902.7,793.7,12114.22,350.96,64.32,2.71,41271.41,0,97.7,39.4,3
2025-04-02,W-008,Permian South,West Texas,Horizontal Oil,Producing,336.7,1023.4,394.5,5813.57,570.09,64.32,2.71,21989.94,0.2,99.0,33.6,3
2025-04-02,W-009,Eagle Ford,South Texas,Horizontal Oil,Producing,264.2,796.4,180.0,5265.02,634.17,64.32,2.71,17249.89,0.6,96.1,35.6,2
2025-04-02,W-010,Bakken Central,North Dakota,Horizontal Oil,Producing,296.1,590.8,399.3,5309.85,409.75,64.32,2.71,19235.87,2.5,86.9,34.2,10
2025-04-02,W-011,Bakken North,North Dakota,Horizontal Oil,Producing,426.5,1276.8,243.3,8703.42,144.79,64.32,2.71,27849.4,1.2,94.3,37.4,8
2025-04-02,W-012,Delaware Basin,New Mexico,Oil & Gas,Producing,245.0,310.7,279.3,4112.73,241.75,64.32,2.71,15858.45,1.8,91.7,34.5,9
2025-04-02,W-013,Permian North,West Texas,Horizontal Oil,Producing,560.7,802.0,635.8,8529.92,113.45,64.32,2.71,36323.57,0.0,98.5,39.5,4
2025-04-02,W-014,Permian South,West Texas,Horizontal Oil,Producing,518.3,763.6,581.2,8750.77,422.58,64.32,2.71,33584.63,0.4,98.6,40.3,4
2025-04-02,W-015,Eagle Ford,South Texas,Horizontal Oil,Producing,316.5,415.1,395.0,6978.66,838.26,64.32,2.71,20491.52,0.2,99.8,35.6,2
2025-04-02,W-016,Bakken Central,North Dakota,Oil & Gas,Producing,442.9,1437.1,267.3,7973.79,849.26,64.32,2.71,28955.55,0.4,97.7,33.0,6
2025-04-02,W-017,Bakken North,North Dakota,Horizontal Oil,Producing,214.2,279.6,140.6,4771.76,844.49,64.32,2.71,13870.73,1.3,91.8,34.2,11
2025-04-02,W-018,Delaware Basin,New Mexico,Horizontal Oil,Producing,482.2,1048.5,622.8,8222.64,896.89,64.32,2.71,31355.11,0.7,97.6,33.1,11
2025-04-03,W-001,Permian North,West Texas,Horizontal Oil,Producing,251.4,753.7,335.3,4589.49,536.89,63.26,2.71,16148.79,0.4,99.2,33.9,5
2025-04-03,W-002,Permian South,West Texas,Horizontal Oil,Producing,539.7,1149.2,681.7,9574.22,574.04,63.26,2.71,34515.87,1.2,94.6,39.1,2
2025-04-03,W-003,Eagle Ford,South Texas,Horizontal Oil,Producing,468.4,832.0,273.7,9573.01,327.81,63.26,2.71,29902.89,0.6,93.9,31.4,7
2025-04-03,W-004,Bakken Central,North Dakota,Horizontal Oil,Producing,281.0,847.0,244.1,5753.28,824.03,63.26,2.71,18054.82,0.7,96.8,37.1,4
2025-04-03,W-005,Bakken North,North Dakota,Horizontal Oil,Producing,356.3,1075.2,378.1,7787.9,571.19,63.26,2.71,22886.81,0,100,39.6,4
2025-04-03,W-006,Delaware Basin,New Mexico,Oil & Gas,Producing,306.0,702.1,406.6,5268.79,687.64,63.26,2.71,19585.09,0.7,95.6,38.1,8
2025-04-03,W-007,Permian North,West Texas,Horizontal Oil,Producing,661.7,1985.3,826.9,11788.49,778.46,63.26,2.71,42502.48,0.3,95.7,39.4,3
2025-04-03,W-008,Permian South,West Texas,Horizontal Oil,Producing,346.0,403.8,253.6,7518.22,118.33,63.26,2.71,22017.21,0.4,98.3,33.6,3
2025-04-03,W-009,Eagle Ford,South Texas,Horizontal Oil,Producing,256.8,869.7,234.4,5447.95,850.56,63.26,2.71,16525.62,0.6,94.8,35.6,2
2025-04-03,W-010,Bakken Central,North Dakota,Horizontal Oil,Producing,323.8,465.3,383.3,5163.47,532.5,63.26,2.71,20633.09,0,96.4,34.2,10
2025-04-03,W-011,Bakken North,North Dakota,Horizontal Oil,Producing,390.6,572.7,524.8,7696.96,111.87,63.26,2.71,24893.72,1.3,92.4,37.4,8
2025-04-03,W-012,Delaware Basin,New Mexico,Oil & Gas,Producing,257.6,690.1,225.1,4093.69,621.04,63.26,2.71,16517.78,1.8,93.1,34.5,9
2025-04-03,W-013,Permian North,West Texas,Horizontal Oil,Producing,554.7,1192.9,568.8,8155.86,718.06,63.26,2.71,35479.81,0.2,96.5,39.5,4
2025-04-03,W-014,Permian South,West Texas,Horizontal Oil,Producing,546.1,963.4,539.2,7743.58,813.74,63.26,2.71,34858.19,0.5,94.2,40.3,4
2025-04-03,W-015,Eagle Ford,South Texas,Horizontal Oil,Producing,302.5,793.7,297.6,6982.9,653.13,63.26,2.71,19396.93,1.9,90.7,35.6,2
2025-04-03,W-016,Bakken Central,North Dakota,Oil & Gas,Producing,399.9,1251.5,328.0,7640.04,603.61,63.26,2.71,25704.34,1.0,95.1,33.0,6
2025-04-03,W-017,Bakken North,North Dakota,Horizontal Oil,Producing,226.7,671.7,290.2,4757.97,385.55,63.26,2.71,14557.13,0,96.9,34.2,11
2025-04-03,W-018,Delaware Basin,New Mexico,Horizontal Oil,Producing,473.9,947.0,335.0,9429.99,120.97,63.26,2.71,30288.72,1.1,94.5,33.1,11
2025-04-04,W-001,Permian North,West Texas,Horizontal Oil,Producing,259.1,579.8,252.8,4485.79,598.91,62.85,2.93,16486.72,1.8,93.0,33.9,5
2025-04-04,W-002,Permian South,West Texas,Horizontal Oil,Producing,591.1,859.5,719.5,9856.82,495.13,62.85,2.93,37455.52,1.2,94.8,39.1,2
2025-04-04,W-003,Eagle Ford,South Texas,Horizontal Oil,Producing,413.7,1067.4,453.4,8435.01,656.4,62.85,2.93,26377.38,0,100,31.4,7
2025-04-04,W-004,Bakken Central,North Dakota,Horizontal Oil,Producing,290.9,825.6,250.8,5640.67,465.31,62.85,2.93,18576.53,0.6,93.8,37.1,4
2025-04-04,W-005,Bakken North,North Dakota,Horizontal Oil,Producing,338.7,954.0,417.2,5508.93,518.87,62.85,2.93,21621.92,1.6,91.7,39.6,4
2025-04-04,W-006,Delaware Basin,New Mexico,Oil & Gas,Producing,282.2,847.0,293.3,4665.94,861.31,62.85,2.93,18037.65,2.3,89.9,38.1,8
2025-04-04,W-007,Permian North,West Texas,Horizontal Oil,Producing,669.1,1077.9,871.5,11957.86,558.08,62.85,2.93,42433.55,1.6,90.1,39.4,3
2025-04-04,W-008,Permian South,West Texas,Horizontal Oil,Producing,348.2,931.3,446.7,6146.71,677.94,62.85,2.93,22215.7,0,100,33.6,3
2025-04-04,W-009,Eagle Ford,South Texas,Horizontal Oil,Producing,258.7,386.8,338.0,4986.41,374.66,62.85,2.93,16393.25,1.5,92.8,35.6,2
2025-04-04,W-010,Bakken Central,North Dakota,Horizontal Oil,Producing,282.0,868.3,367.1,4841.07,395.39,62.85,2.93,18029.25,0.5,94.1,34.2,10
2025-04-04,W-011,Bakken North,North Dakota,Horizontal Oil,Producing,458.1,1092.6,257.7,7661.08,644.08,62.85,2.93,29178.28,0,100,37.4,8
2025-04-04,W-012,Delaware Basin,New Mexico,Oil & Gas,Producing,239.4,609.2,154.7,5054.42,561.57,62.85,2.93,15261.98,0.6,98.1,34.5,9
2025-04-04,W-013,Permian North,West Texas,Horizontal Oil,Producing,525.2,1207.8,585.0,9168.43,130.15,62.85,2.93,33436.68,0,100,39.5,4
2025-04-04,W-014,Permian South,West Texas,Horizontal Oil,Producing,509.6,941.8,465.3,8418.45,185.78,62.85,2.93,32363.18,0.9,95.9,40.3,4
2025-04-04,W-015,Eagle Ford,South Texas,Horizontal Oil,Producing,289.9,882.9,281.1,5206.65,781.25,62.85,2.93,18532.26,1.9,88.6,35.6,2
2025-04-04,W-016,Bakken Central,North Dakota,Oil & Gas,Producing,427.6,1303.0,473.6,7464.62,860.31,62.85,2.93,27334.11,0,100.0,33.0,6
2025-04-04,W-017,Bakken North,North Dakota,Horizontal Oil,Maintenance,140.7,354.0,184.1,2971.89,9829.76,62.85,2.93,8966.92,9.1,59.8,34.2,11
2025-04-04,W-018,Delaware Basin,New Mexico,Horizontal Oil,Producing,457.1,639.3,560.3,8658.8,378.65,62.85,2.93,28957.54,1.4,91.2,33.1,11
2025-04-05,W-001,Permian North,West Texas,Horizontal Oil,Producing,258.0,537.9,154.0,5000.48,505.15,64.67,2.77,16865.95,1.3,94.5,33.9,5
2025-04-05,W-002,Permian South,West Texas,Horizontal Oil,Producing,561.0,1252.9,460.2,9633.44,635.45,64.67,2.77,36700.13,0.2,97.9,39.1,2
2025-04-05,W-003,Eagle Ford,South Texas,Horizontal Oil,Producing,440.0,1460.0,522.4,7930.06,590.92,64.67,2.77,28938.83,1.0,92.9,31.4,7
2025-04-05,W-004,Bakken Central,North Dakota,Horizontal Oil,Producing,271.6,806.2,242.4,4493.78,780.81,64.67,2.77,17832.72,2.5,90.0,37.1,4
2025-04-05,W-005,Bakken North,North Dakota,Horizontal Oil,Maintenance,206.7,336.4,220.7,4358.22,4532.48,64.67,2.77,13477.42,18.0,55.2,39.6,4
2025-04-05,W-006,Delaware Basin,New Mexico,Oil & Gas,Producing,346.8,1019.0,431.7,5073.91,371.94,64.67,2.77,22765.85,0.3,95.0,38.1,8
2025-04-05,W-007,Permian North,West Texas,Horizontal Oil,Producing,639.0,850.5,506.5,12276.19,406.45,64.67,2.77,41612.04,0.1,98.5,39.4,3
2025-04-05,W-008,Permian South,West Texas,Horizontal Oil,Producing,362.5,815.3,446.0,7607.98,459.2,64.67,2.77,23714.59,0.0,99.2,33.6,3
2025-04-05,W-009,Eagle Ford,South Texas,Horizontal Oil,Producing,221.1,246.5,186.4,4893.57,234.17,64.67,2.77,14383.8,1.9,90.1,35.6,2
2025-04-05,W-010,Bakken Central,North Dakota,Horizontal Oil,Producing,327.6,756.6,391.3,5389.95,753.08,64.67,2.77,21440.96,0.4,98.0,34.2,10
2025-04-05,W-011,Bakken North,North Dakota,Horizontal Oil,Producing,377.8,1146.7,210.0,6061.03,401.73,64.67,2.77,24817.88,1.3,90.8,37.4,8
2025-04-05,W-012,Delaware Basin,New Mexico,Oil & Gas,Producing,237.5,404.5,161.0,5033.49,119.38,64.67,2.77,15491.62,1.0,92.8,34.5,9
2025-04-05,W-013,Permian North,West Texas,Horizontal Oil,Producing,553.2,1609.8,702.5,9329.74,697.46,64.67,2.77,36314.12,0.5,95.8,39.5,4
2025-04-05,W-014,Permian South,West Texas,Horizontal Oil,Producing,527.8,1040.5,654.5,10693.11,594.89,64.67,2.77,34477.87,0.8,95.3,40.3,4
2025-04-05,W-015,Eagle Ford,South Texas,Horizontal Oil,Producing,332.1,788.3,376.5,6278.44,245.32,64.67,2.77,21739.0,0.4,96.6,35.6,2
2025-04-05,W-016,Bakken Central,North Dakota,Oil & Gas,Producing,443.0,551.9,487.3,7230.96,682.64,64.67,2.77,28836.03,0.0,100,33.0,6
2025-04-05,W-017,Bakken North,North Dakota,Horizontal Oil,Producing,216.3,400.1,148.8,4554.07,591.85,64.67,2.77,14124.18,2.8,88.1,34.2,11
2025-04-05,W-018,Delaware Basin,New Mexico,Horizontal Oil,Producing,535.4,1491.3,636.8,10064.64,612.29,64.67,2.77,35120.08,0.4,95.6,33.1,11
2025-04-06,W-001,Permian North,West Texas,Horizontal Oil,Producing,246.7,599.2,312.3,4441.07,346.45,61.8,2.64,15437.23,0.1,97.7,33.9,5
2025-04-06,W-002,Permian South,West Texas,Horizontal Oil,Producing,614.6,1718.0,771.9,10052.41,331.87,61.8,2.64,38522.37,0,100,39.1,2
2025-04-06,W-003,Eagle Ford,South Texas,Horizontal Oil,Producing,460.4,1327.0,478.3,8903.31,457.46,61.8,2.64,28868.78,0.8,96.8,31.4,7
2025-04-06,W-004,Bakken Central,North Dakota,Horizontal Oil,Producing,261.6,400.1,180.4,3867.36,297.19,61.8,2.64,16291.35,1.4,94.6,37.1,4
2025-04-06,W-005,Bakken North,North Dakota,Horizontal Oil,Producing,358.7,799.0,454.2,6318.19,546.65,61.8,2.64,22416.55,0,100,39.6,4
2025-04-06,W-006,Delaware Basin,New Mexico,Oil & Gas,Producing,304.8,904.8,351.2,5363.49,417.71,61.8,2.64,19122.41,0.6,97.5,38.1,8
2025-04-06,W-007,Permian North,West Texas,Horizontal Oil,Producing,713.9,1221.0,709.2,12962.24,807.86,61.8,2.64,44503.92,0.3,97.4,39.4,3
2025-04-06,W-008,Permian South,West Texas,Horizontal Oil,Producing,356.6,678.8,256.2,7427.18,397.75,61.8,2.64,22251.74,0.7,95.7,33.6,3
2025-04-06,W-009,Eagle Ford,South Texas,Horizontal Oil,Producing,233.3,706.2,268.4,5840.06,261.6,61.8,2.64,14640.63,0.3,96.2,35.6,2
2025-04-06,W-010,Bakken Central,North Dakota,Horizontal Oil,Producing,328.5,849.0,394.8,6749.89,187.58,61.8,2.64,20568.49,0.2,95.5,34.2,10
2025-04-06,W-011,Bakken North,North Dakota,Horizontal Oil,Producing,421.7,1335.4,524.6,6031.66,561.75,61.8,2.64,26482.08,1.1,95.3,37.4,8
2025-04-06,W-012,Delaware Basin,New Mexico,Oil & Gas,Producing,248.7,472.7,141.5,4609.29,623.0,61.8,2.64,15516.05,1.3,94.3,34.5,9
2025-04-06,W-013,Permian North,West Texas,Horizontal Oil,Producing,512.4,1053.4,474.5,8145.49,174.34,61.8,2.64,31997.56,0.4,99.2,39.5,4
2025-04-06,W-014,Permian South,West Texas,Horizontal Oil,Producing,494.7,715.9,332.1,7620.58,649.43,61.8,2.64,30794.97,0.5,97.4,40.3,4
2025-04-06,W-015,Eagle Ford,South Texas,Horizontal Oil,Producing,292.0,728.1,334.9,4647.34,422.16,61.8,2.64,18274.13,0,96.6,35.6,2
2025-04-06,W-016,Bakken Central,North Dakota,Oil & Gas,Producing,399.2,1101.7,362.1,7748.73,840.42,61.8,2.64,25016.11,1.0,95.6,33.0,6
2025-04-06,W-017,Bakken North,North Dakota,Horizontal Oil,Producing,225.4,267.1,227.1,4271.88,528.92,61.8,2.64,14011.38,1.2,94.3,34.2,11
2025-04-06,W-018,Delaware Basin,New Mexico,Horizontal Oil,Producing,495.1,1468.4,579.9,7890.64,325.64,61.8,2.64,31058.21,1.9,88.9,33.1,11
2025-04-07,W-001,Permian North,West Texas,Horizontal Oil,Producing,246.6,276.2,266.8,5185.81,329.37,62.32,2.84,15462.87,0.5,94.6,33.9,5
2025-04-07,W-002,Permian South,West Texas,Horizontal Oil,Producing,596.4,1617.1,503.0,12466.97,771.72,62.32,2.84,37718.77,0.5,94.3,39.1,2
2025-04-07,W-003,Eagle Ford,South Texas,Horizontal Oil,Producing,430.2,1133.0,441.8,7244.88,497.25,62.32,2.84,27193.22,0,96.1,31.4,7
2025-04-07,W-004,Bakken Central,North Dakota,Horizontal Oil,Producing,303.2,416.3,233.6,5328.79,361.31,62.32,2.84,19036.67,0,97.8,37.1,4
2025-04-07,W-005,Bakken North,North Dakota,Horizontal Oil,Producing,333.9,1090.4,420.9,6316.57,892.08,62.32,2.84,21180.53,1.3,95.2,39.6,4
2025-04-07,W-006,Delaware Basin,New Mexico,Oil & Gas,Producing,317.9,468.1,233.6,5576.67,579.25,62.32,2.84,19972.28,0.5,94.3,38.1,8
2025-04-07,W-007,Permian North,West Texas,Horizontal Oil,Producing,672.4,774.3,492.6,9696.79,620.08,62.32,2.84,42167.85,1.6,93.8,39.4,3
2025-04-07,W-008,Permian South,West Texas,Horizontal Oil,Producing,339.5,1048.2,411.5,6949.17,277.47,62.32,2.84,21514.67,0.6,97.1,33.6,3
2025-04-07,W-009,Eagle Ford,South Texas,Horizontal Oil,Producing,251.8,802.8,220.2,5545.33,611.87,62.32,2.84,15964.96,0.8,94.6,35.6,2
2025-04-07,W-010,Bakken Central,North Dakota,Horizontal Oil,Producing,283.9,354.6,256.7,6105.66,397.58,62.32,2.84,17811.74,1.2,93.2,34.2,10
2025-04-07,W-011,Bakken North,North Dakota,Horizontal Oil,Producing,383.5,1160.0,288.0,6461.89,543.95,62.32,2.84,24297.19,0.8,96.5,37.4,8
2025-04-07,W-012,Delaware Basin,New Mexico,Oil & Gas,Producing,241.3,286.9,137.8,5714.74,543.07,62.32,2.84,15134.13,1.7,89.7,34.5,9
2025-04-07,W-013,Permian North,West Texas,Horizontal Oil,Producing,518.4,1185.9,510.9,9400.61,636.16,62.32,2.84,32713.09,0.8,95.0,39.5,4
2025-04-07,W-014,Permian South,West Texas,Horizontal Oil,Producing,493.0,1358.5,655.4,9456.61,256.39,62.32,2.84,31186.18,0.5,94.2,40.3,4
2025-04-07,W-015,Eagle Ford,South Texas,Horizontal Oil,Producing,291.4,374.0,171.4,6335.19,524.56,62.32,2.84,18288.02,0.8,94.1,35.6,2
2025-04-07,W-016,Bakken Central,North Dakota,Oil & Gas,Producing,435.1,653.7,484.4,6458.37,245.38,62.32,2.84,27337.09,1.7,91.7,33.0,6
2025-04-07,W-017,Bakken North,North Dakota,Horizontal Oil,Producing,222.7,374.9,127.8,3479.54,259.17,62.32,2.84,14005.66,0.3,98.1,34.2,11
2025-04-07,W-018,Delaware Basin,New Mexico,Horizontal Oil,Producing,449.3,910.2,542.8,9195.84,303.38,62.32,2.84,28308.71,1.5,92.1,33.1,11
2025-04-08,W-001,Permian North,West Texas,Horizontal Oil,Producing,273.7,741.3,254.5,4953.53,422.39,60.39,2.74,16771.07,0,98.1,33.9,5
2025-04-08,W-002,Permian South,West Texas,Horizontal Oil,Producing,575.0,1411.9,663.6,10779.38,570.81,60.39,2.74,35188.78,0.3,98.1,39.1,2
2025-04-08,W-003,Eagle Ford,South Texas,Horizontal Oil,Producing,448.7,1097.8,442.0,9199.5,671.92,60.39,2.74,27456.07,0.8,96.5,31.4,7
2025-04-08,W-004,Bakken Central,North Dakota,Horizontal Oil,Producing,275.0,473.0,151.9,5269.48,152.62,60.39,2.74,16763.06,1.0,95.8,37.1,4
2025-04-08,W-005,Bakken North,North Dakota,Horizontal Oil,Maintenance,211.3,625.0,166.5,5052.06,16903.55,60.39,2.74,12964.71,14.2,53.9,39.6,4
2025-04-08,W-006,Delaware Basin,New Mexico,Oil & Gas,Producing,313.9,488.8,320.9,6632.61,405.78,60.39,2.74,19118.49,1.9,91.0,38.1,8
2025-04-08,W-007,Permian North,West Texas,Horizontal Oil,Producing,648.6,1283.3,408.4,9735.9,139.28,60.39,2.74,39590.36,0.7,95.5,39.4,3
2025-04-08,W-008,Permian South,West Texas,Horizontal Oil,Producing,338.8,515.3,386.1,7556.1,576.1,60.39,2.74,20627.65,0.9,95.2,33.6,3
2025-04-08,W-009,Eagle Ford,South Texas,Horizontal Oil,Producing,262.0,557.0,147.2,6068.22,232.11,60.39,2.74,16005.31,1.3,92.8,35.6,2
2025-04-08,W-010,Bakken Central,North Dakota,Horizontal Oil,Producing,298.2,681.7,359.6,5272.63,171.22,60.39,2.74,18233.44,0.7,93.5,34.2,10
2025-04-08,W-011,Bakken North,North Dakota,Horizontal Oil,Producing,426.4,496.0,508.5,7600.74,844.71,60.39,2.74,25913.58,0.6,98.2,37.4,8
2025-04-08,W-012,Delaware Basin,New Mexico,Oil & Gas,Producing,256.0,723.9,257.9,5582.68,724.03,60.39,2.74,15700.48,1.0,94.1,34.5,9
2025-04-08,W-013,Permian North,West Texas,Horizontal Oil,Producing,527.0,1762.7,695.6,9936.11,600.77,60.39,2.74,32403.94,0.2,100.0,39.5,4
2025-04-08,W-014,Permian South,West Texas,Horizontal Oil,Producing,580.2,1933.4,749.9,11480.55,210.59,60.39,2.74,35674.09,0,99.8,40.3,4
2025-04-08,W-015,Eagle Ford,South Texas,Horizontal Oil,Producing,326.8,627.0,313.9,7327.55,452.28,60.39,2.74,19939.43,0.7,95.7,35.6,2
2025-04-08,W-016,Bakken Central,North Dakota,Oil & Gas,Producing,443.6,752.8,260.6,7645.04,174.96,60.39,2.74,27037.95,1.3,94.8,33.0,6
2025-04-08,W-017,Bakken North,North Dakota,Horizontal Oil,Producing,216.1,280.0,221.9,3996.27,167.23,60.39,2.74,13143.11,0.8,93.6,34.2,11
2025-04-08,W-018,Delaware Basin,New Mexico,Horizontal Oil,Producing,523.6,1298.3,465.3,10221.85,680.96,60.39,2.74,32044.23,0.3,96.7,33.1,11
2025-04-09,W-001,Permian North,West Texas,Horizontal Oil,Producing,261.9,318.2,153.1,5043.88,306.92,60.96,2.74,16068.13,0.4,98.3,33.9,5
2025-04-09,W-002,Permian South,West Texas,Horizontal Oil,Producing,550.6,1744.9,585.8,8475.45,815.01,60.96,2.74,34138.93,0.1,99.0,39.1,2
2025-04-09,W-003,Eagle Ford,South Texas,Horizontal Oil,Producing,419.1,824.8,266.4,9115.9,787.19,60.96,2.74,25820.73,1.1,94.7,31.4,7
2025-04-09,W-004,Bakken Central,North Dakota,Horizontal Oil,Producing,282.9,913.9,314.5,5046.18,406.98,60.96,2.74,17546.48,1.3,92.0,37.1,4
2025-04-09,W-005,Bakken North,North Dakota,Horizontal Oil,Producing,362.0,419.5,330.3,5819.99,109.29,60.96,2.74,22204.55,1.8,91.4,39.6,4
2025-04-09,W-006,Delaware Basin,New Mexico,Oil & Gas,Producing,294.5,838.9,356.5,5531.07,200.05,60.96,2.74,18231.7,2.2,89.5,38.1,8
2025-04-09,W-007,Permian North,West Texas,Horizontal Oil,Producing,634.8,1022.4,620.6,10965.17,591.26,60.96,2.74,39032.04,2.6,89.5,39.4,3
2025-04-09,W-008,Permian South,West Texas,Horizontal Oil,Producing,380.3,1076.8,344.6,7173.89,598.59,60.96,2.74,23535.62,0.8,93.1,33.6,3
2025-04-09,W-009,Eagle Ford,South Texas,Horizontal Oil,Producing,225.7,678.9,230.0,5301.34,386.2,60.96,2.74,13981.72,1.7,92.7,35.6,2
2025-04-09,W-010,Bakken Central,North Dakota,Horizontal Oil,Producing,302.6,830.2,192.5,5305.58,815.55,60.96,2.74,18717.23,1.9,90.0,34.2,10
2025-04-09,W-011,Bakken North,North Dakota,Horizontal Oil,Producing,392.1,660.9,390.2,6007.49,764.05,60.96,2.74,24122.45,0,96.1,37.4,8
2025-04-09,W-012,Delaware Basin,New Mexico,Oil & Gas,Producing,236.7,339.1,153.8,3976.62,125.25,60.96,2.74,14540.0,1.3,91.7,34.5,9
2025-04-09,W-013,Permian North,West Texas,Horizontal Oil,Producing,514.5,1237.2,448.5,7881.94,487.39,60.96,2.74,31771.61,0.4,98.9,39.5,4
2025-04-09,W-014,Permian South,West Texas,Horizontal Oil,Producing,505.1,1180.8,582.0,9517.13,865.14,60.96,2.74,31176.83,0.9,95.9,40.3,4
2025-04-09,W-015,Eagle Ford,South Texas,Horizontal Oil,Producing,308.7,731.0,193.7,5017.81,513.58,60.96,2.74,19060.65,0.4,99.3,35.6,2
2025-04-09,W-016,Bakken Central,North Dakota,Oil & Gas,Producing,449.3,1141.8,587.6,8062.87,530.72,60.96,2.74,27766.26,1.4,94.2,33.0,6
2025-04-09,W-017,Bakken North,North Dakota,Horizontal Oil,Producing,246.7,496.1,257.8,5203.92,404.93,60.96,2.74,15205.07,0,97.6,34.2,11
2025-04-09,W-018,Delaware Basin,New Mexico,Horizontal Oil,Producing,456.1,830.7,491.7,7238.22,677.91,60.96,2.74,28079.37,1.4,93.6,33.1,11
2025-04-10,W-001,Permian North,West Texas,Horizontal Oil,Producing,240.2,649.3,205.4,4855.18,156.31,64.13,2.71,15615.32,1.2,91.6,33.9,5
2025-04-10,W-002,Permian South,West Texas,Horizontal Oil,Producing,548.1,1575.2,655.5,8572.87,428.63,64.13,2.71,35661.42,2.2,90.4,39.1,2
2025-04-10,W-003,Eagle Ford,South Texas,Horizontal Oil,Producing,426.8,724.5,361.9,6791.57,139.32,64.13,2.71,27602.93,1.4,93.2,31.4,7
2025-04-10,W-004,Bakken Central,North Dakota,Horizontal Oil,Producing,273.8,666.8,189.8,4703.26,400.04,64.13,2.71,17778.16,0.7,97.4,37.1,4
2025-04-10,W-005,Bakken North,North Dakota,Horizontal Oil,Producing,379.7,904.0,341.0,6489.08,731.34,64.13,2.71,24646.07,1.2,92.4,39.6,4
2025-04-10,W-006,Delaware Basin,New Mexico,Oil & Gas,Maintenance,176.9,367.0,148.9,3914.61,16333.19,64.13,2.71,11465.32,17.8,54.4,38.1,8
2025-04-10,W-007,Permian North,West Texas,Horizontal Oil,Producing,632.4,1832.1,755.3,8646.07,785.63,64.13,2.71,41153.77,0.5,95.8,39.4,3
2025-04-10,W-008,Permian South,West Texas,Horizontal Oil,Producing,362.1,1050.6,446.6,5992.98,660.48,64.13,2.71,23561.4,1.5,90.3,33.6,3
2025-04-10,W-009,Eagle Ford,South Texas,Horizontal Oil,Producing,241.5,295.4,267.0,4896.76,249.39,64.13,2.71,15580.93,0.2,96.1,35.6,2
2025-04-10,W-010,Bakken Central,North Dakota,Horizontal Oil,Producing,309.7,909.2,276.4,6592.36,479.16,64.13,2.71,20154.89,1.7,91.1,34.2,10
2025-04-10,W-011,Bakken North,North Dakota,Horizontal Oil,Producing,393.1,592.4,439.3,6073.87,877.93,64.13,2.71,25403.54,0.2,97.7,37.4,8
2025-04-10,W-012,Delaware Basin,New Mexico,Oil & Gas,Producing,257.2,588.8,221.3,4634.01,883.54,64.13,2.71,16684.41,0.3,94.9,34.5,9
2025-04-10,W-013,Permian North,West Texas,Horizontal Oil,Producing,589.5,1993.1,384.5,11135.77,576.42,64.13,2.71,38454.37,0.0,100,39.5,4
2025-04-10,W-014,Permian South,West Texas,Horizontal Oil,Producing,557.2,630.4,663.9,10204.18,426.84,64.13,2.71,35936.19,0.7,94.5,40.3,4
2025-04-10,W-015,Eagle Ford,South Texas,Horizontal Oil,Producing,316.1,1016.3,187.4,5980.35,707.78,64.13,2.71,20602.38,0.9,94.7,35.6,2
2025-04-10,W-016,Bakken Central,North Dakota,Oil & Gas,Producing,424.4,1041.6,364.5,7625.72,543.29,64.13,2.71,27557.67,0.5,98.8,33.0,6
2025-04-10,W-017,Bakken North,North Dakota,Horizontal Oil,Producing,224.9,407.7,145.9,4850.72,502.77,64.13,2.71,14556.46,0.4,98.7,34.2,11
2025-04-10,W-018,Delaware Basin,New Mexico,Horizontal Oil,Producing,498.2,1636.5,292.8,9341.38,344.4,64.13,2.71,32479.45,1.3,92.5,33.1,11
